STRUCTURE,STRUCTURE_ID,FREQ,DER_TYPE,DER_INSTR,DER_RISK,DER_REP_CTY,DER_SECTOR_CPY,DER_CPC,DER_SECTOR_UDL,DER_CURR_LEG1,DER_CURR_LEG2,DER_ISSUE_MAT,DER_RATING,DER_EX_METHOD,DER_BASIS,TIME_PERIOD,AVAILABILITY,COLLECTION,OBS_STATUS,OBS_CONF,OBS_VALUE
dataflow,BIS:BIS_DER(1.0),A,U,A,B,5J,A,1E,A,HKD,TO1,A,A,3,C,2002,K,S,M,F,
dataflow,BIS:BIS_DER(1.0),A,U,A,B,5J,A,1E,A,HKD,TO1,A,A,3,C,2003,K,S,M,F,
dataflow,BIS:BIS_DER(1.0),A,U,A,B,5J,A,1E,A,HKD,TO1,A,A,3,C,2004,K,S,A,F,14206.490766
dataflow,BIS:BIS_DER(1.0),A,U,A,B,5J,A,1E,A,HKD,TO1,A,A,3,C,2005,K,S,M,F,
dataflow,BIS:BIS_DER(1.0),A,U,A,B,5J,A,1E,A,HKD,TO1,A,A,3,C,2006,K,S,M,F,
dataflow,BIS:BIS_DER(1.0),A,U,A,B,5J,A,1E,A,HKD,TO1,A,A,3,C,2007,K,S,A,F,29929.036014
dataflow,BIS:BIS_DER(1.0),A,U,A,B,5J,A,1E,A,HKD,TO1,A,A,3,C,2008,K,S,M,F,
dataflow,BIS:BIS_DER(1.0),A,U,A,B,5J,A,1E,A,HKD,TO1,A,A,3,C,2009,K,S,M,F,
dataflow,BIS:BIS_DER(1.0),A,U,A,B,5J,A,1E,A,HKD,TO1,A,A,3,C,2010,K,S,A,F,31040.395041
dataflow,BIS:BIS_DER(1.0),A,U,A,B,5J,A,1E,A,HKD,TO1,A,A,3,C,2011,K,S,M,F,
dataflow,BIS:BIS_DER(1.0),A,U,A,B,5J,A,1E,A,HKD,TO1,A,A,3,C,2012,K,S,M,F,
dataflow,BIS:BIS_DER(1.0),A,U,A,B,5J,A,1E,A,HKD,TO1,A,A,3,C,2013,K,S,A,F,29910.713935
dataflow,BIS:BIS_DER(1.0),A,U,A,B,5J,A,1E,A,HKD,TO1,A,A,3,C,2014,K,S,M,F,
dataflow,BIS:BIS_DER(1.0),A,U,A,B,5J,A,1E,A,HKD,TO1,A,A,3,C,2015,K,S,M,F,
dataflow,BIS:BIS_DER(1.0),A,U,A,B,5J,A,1E,A,HKD,TO1,A,A,3,C,2016,K,S,A,F,31706.700174
dataflow,BIS:BIS_DER(1.0),A,U,A,B,5J,A,1E,A,HKD,TO1,A,A,3,C,2017,K,S,M,F,
dataflow,BIS:BIS_DER(1.0),A,U,A,B,5J,A,1E,A,HKD,TO1,A,A,3,C,2018,K,S,M,F,
dataflow,BIS:BIS_DER(1.0),A,U,A,B,5J,A,1E,A,HKD,TO1,A,A,3,C,2019,K,S,A,F,90268.313643
dataflow,BIS:BIS_DER(1.0),A,U,A,B,5J,A,1E,A,HKD,USD,A,A,3,C,1992,K,S,A,F,6672.275
dataflow,BIS:BIS_DER(1.0),A,U,A,B,5J,A,1E,A,HKD,USD,A,A,3,C,1993,K,S,M,F,
dataflow,BIS:BIS_DER(1.0),A,U,A,B,5J,A,1E,A,HKD,USD,A,A,3,C,1994,K,S,M,F,
dataflow,BIS:BIS_DER(1.0),A,U,A,B,5J,A,1E,A,HKD,USD,A,A,3,C,1995,K,S,A,F,9478.676467
dataflow,BIS:BIS_DER(1.0),A,U,A,B,5J,A,1E,A,HKD,USD,A,A,3,C,1996,K,S,M,F,
dataflow,BIS:BIS_DER(1.0),A,U,A,B,5J,A,1E,A,HKD,USD,A,A,3,C,1997,K,S,M,F,
dataflow,BIS:BIS_DER(1.0),A,U,A,B,5J,A,1E,A,HKD,USD,A,A,3,C,1998,K,S,A,F,9534.868416
dataflow,BIS:BIS_DER(1.0),A,U,A,B,5J,A,1E,A,HKD,USD,A,A,3,C,1999,K,S,M,F,
dataflow,BIS:BIS_DER(1.0),A,U,A,B,5J,A,1E,A,HKD,USD,A,A,3,C,2000,K,S,M,F,
dataflow,BIS:BIS_DER(1.0),A,U,A,B,5J,A,1E,A,HKD,USD,A,A,3,C,2001,K,S,A,F,11926.7
dataflow,BIS:BIS_DER(1.0),A,U,A,B,5J,A,1E,A,HKD,USD,A,A,3,C,2002,K,S,M,F,
dataflow,BIS:BIS_DER(1.0),A,U,A,B,5J,A,1E,A,HKD,USD,A,A,3,C,2003,K,S,M,F,
dataflow,BIS:BIS_DER(1.0),A,U,A,B,5J,A,1E,A,HKD,USD,A,A,3,C,2004,K,S,A,F,9981.289468
dataflow,BIS:BIS_DER(1.0),A,U,A,B,5J,A,1E,A,HKD,USD,A,A,3,C,2005,K,S,M,F,
dataflow,BIS:BIS_DER(1.0),A,U,A,B,5J,A,1E,A,HKD,USD,A,A,3,C,2006,K,S,M,F,
dataflow,BIS:BIS_DER(1.0),A,U,A,B,5J,A,1E,A,HKD,USD,A,A,3,C,2007,K,S,A,F,19363.194441
dataflow,BIS:BIS_DER(1.0),A,U,A,B,5J,A,1E,A,HKD,USD,A,A,3,C,2008,K,S,M,F,
dataflow,BIS:BIS_DER(1.0),A,U,A,B,5J,A,1E,A,HKD,USD,A,A,3,C,2009,K,S,M,F,
dataflow,BIS:BIS_DER(1.0),A,U,A,B,5J,A,1E,A,HKD,USD,A,A,3,C,2010,K,S,A,F,26232.591484
dataflow,BIS:BIS_DER(1.0),A,U,A,B,5J,A,1E,A,HKD,USD,A,A,3,C,2011,K,S,M,F,
dataflow,BIS:BIS_DER(1.0),A,U,A,B,5J,A,1E,A,HKD,USD,A,A,3,C,2012,K,S,M,F,
dataflow,BIS:BIS_DER(1.0),A,U,A,B,5J,A,1E,A,HKD,USD,A,A,3,C,2013,K,S,A,F,26390.234888
dataflow,BIS:BIS_DER(1.0),A,U,A,B,5J,A,1E,A,HKD,USD,A,A,3,C,2014,K,S,M,F,
dataflow,BIS:BIS_DER(1.0),A,U,A,B,5J,A,1E,A,HKD,USD,A,A,3,C,2015,K,S,M,F,
dataflow,BIS:BIS_DER(1.0),A,U,A,B,5J,A,1E,A,HKD,USD,A,A,3,C,2016,K,S,A,F,27150.86821
dataflow,BIS:BIS_DER(1.0),A,U,A,B,5J,A,1E,A,HKD,USD,A,A,3,C,2017,K,S,M,F,
dataflow,BIS:BIS_DER(1.0),A,U,A,B,5J,A,1E,A,HKD,USD,A,A,3,C,2018,K,S,M,F,
dataflow,BIS:BIS_DER(1.0),A,U,A,B,5J,A,1E,A,HKD,USD,A,A,3,C,2019,K,S,A,F,82829.972011
dataflow,BIS:BIS_DER(1.0),A,U,A,B,5J,A,1E,A,HUF,EUR,A,A,3,C,2001,K,S,A,F,102.75
dataflow,BIS:BIS_DER(1.0),A,U,A,B,5J,A,1E,A,HUF,EUR,A,A,3,C,2002,K,S,M,F,
dataflow,BIS:BIS_DER(1.0),A,U,A,B,5J,A,1E,A,HUF,EUR,A,A,3,C,2003,K,S,M,F,
dataflow,BIS:BIS_DER(1.0),A,U,A,B,5J,A,1E,A,HUF,EUR,A,A,3,C,2004,K,S,A,F,192.499994
dataflow,BIS:BIS_DER(1.0),A,U,A,B,5J,A,1E,A,HUF,EUR,A,A,3,C,2005,K,S,M,F,
dataflow,BIS:BIS_DER(1.0),A,U,A,B,5J,A,1E,A,HUF,EUR,A,A,3,C,2006,K,S,M,F,
dataflow,BIS:BIS_DER(1.0),A,U,A,B,5J,A,1E,A,HUF,EUR,A,A,3,C,2007,K,S,A,F,275.868416
dataflow,BIS:BIS_DER(1.0),A,U,A,B,5J,A,1E,A,HUF,EUR,A,A,3,C,2008,K,S,M,F,
dataflow,BIS:BIS_DER(1.0),A,U,A,B,5J,A,1E,A,HUF,EUR,A,A,3,C,2009,K,S,M,F,
dataflow,BIS:BIS_DER(1.0),A,U,A,B,5J,A,1E,A,HUF,EUR,A,A,3,C,2010,K,S,A,F,482.202187
dataflow,BIS:BIS_DER(1.0),A,U,A,B,5J,A,1E,A,HUF,EUR,A,A,3,C,2011,K,S,M,F,
dataflow,BIS:BIS_DER(1.0),A,U,A,B,5J,A,1E,A,HUF,EUR,A,A,3,C,2012,K,S,M,F,
dataflow,BIS:BIS_DER(1.0),A,U,A,B,5J,A,1E,A,HUF,EUR,A,A,3,C,2013,K,S,A,F,4995.115249
dataflow,BIS:BIS_DER(1.0),A,U,A,B,5J,A,1E,A,HUF,EUR,A,A,3,C,2014,K,S,M,F,
dataflow,BIS:BIS_DER(1.0),A,U,A,B,5J,A,1E,A,HUF,EUR,A,A,3,C,2015,K,S,M,F,
dataflow,BIS:BIS_DER(1.0),A,U,A,B,5J,A,1E,A,HUF,EUR,A,A,3,C,2016,K,S,A,F,1842.045003
dataflow,BIS:BIS_DER(1.0),A,U,A,B,5J,A,1E,A,HUF,EUR,A,A,3,C,2017,K,S,M,F,
dataflow,BIS:BIS_DER(1.0),A,U,A,B,5J,A,1E,A,HUF,EUR,A,A,3,C,2018,K,S,M,F,
dataflow,BIS:BIS_DER(1.0),A,U,A,B,5J,A,1E,A,HUF,EUR,A,A,3,C,2019,K,S,A,F,5439.491081
dataflow,BIS:BIS_DER(1.0),A,U,A,B,5J,A,1E,A,HUF,TO1,A,A,3,C,1998,K,S,A,F,513.023804
dataflow,BIS:BIS_DER(1.0),A,U,A,B,5J,A,1E,A,HUF,TO1,A,A,3,C,1999,K,S,M,F,
dataflow,BIS:BIS_DER(1.0),A,U,A,B,5J,A,1E,A,HUF,TO1,A,A,3,C,2000,K,S,M,F,
dataflow,BIS:BIS_DER(1.0),A,U,A,B,5J,A,1E,A,HUF,TO1,A,A,3,C,2001,K,S,A,F,164.240306
dataflow,BIS:BIS_DER(1.0),A,U,A,B,5J,A,1E,A,HUF,TO1,A,A,3,C,2002,K,S,M,F,
dataflow,BIS:BIS_DER(1.0),A,U,A,B,5J,A,1E,A,HUF,TO1,A,A,3,C,2003,K,S,M,F,
dataflow,BIS:BIS_DER(1.0),A,U,A,B,5J,A,1E,A,HUF,TO1,A,A,3,C,2004,K,S,A,F,840.724612
dataflow,BIS:BIS_DER(1.0),A,U,A,B,5J,A,1E,A,HUF,TO1,A,A,3,C,2005,K,S,M,F,
dataflow,BIS:BIS_DER(1.0),A,U,A,B,5J,A,1E,A,HUF,TO1,A,A,3,C,2006,K,S,M,F,
dataflow,BIS:BIS_DER(1.0),A,U,A,B,5J,A,1E,A,HUF,TO1,A,A,3,C,2007,K,S,A,F,2998.558304
dataflow,BIS:BIS_DER(1.0),A,U,A,B,5J,A,1E,A,HUF,TO1,A,A,3,C,2008,K,S,M,F,
dataflow,BIS:BIS_DER(1.0),A,U,A,B,5J,A,1E,A,HUF,TO1,A,A,3,C,2009,K,S,M,F,
dataflow,BIS:BIS_DER(1.0),A,U,A,B,5J,A,1E,A,HUF,TO1,A,A,3,C,2010,K,S,A,F,5385.483702
dataflow,BIS:BIS_DER(1.0),A,U,A,B,5J,A,1E,A,HUF,TO1,A,A,3,C,2011,K,S,M,F,
dataflow,BIS:BIS_DER(1.0),A,U,A,B,5J,A,1E,A,HUF,TO1,A,A,3,C,2012,K,S,M,F,
dataflow,BIS:BIS_DER(1.0),A,U,A,B,5J,A,1E,A,HUF,TO1,A,A,3,C,2013,K,S,A,F,9943.641856
dataflow,BIS:BIS_DER(1.0),A,U,A,B,5J,A,1E,A,HUF,TO1,A,A,3,C,2014,K,S,M,F,
dataflow,BIS:BIS_DER(1.0),A,U,A,B,5J,A,1E,A,HUF,TO1,A,A,3,C,2015,K,S,M,F,
dataflow,BIS:BIS_DER(1.0),A,U,A,B,5J,A,1E,A,HUF,TO1,A,A,3,C,2016,K,S,A,F,5605.229675
dataflow,BIS:BIS_DER(1.0),A,U,A,B,5J,A,1E,A,HUF,TO1,A,A,3,C,2017,K,S,M,F,
dataflow,BIS:BIS_DER(1.0),A,U,A,B,5J,A,1E,A,HUF,TO1,A,A,3,C,2018,K,S,M,F,
dataflow,BIS:BIS_DER(1.0),A,U,A,B,5J,A,1E,A,HUF,TO1,A,A,3,C,2019,K,S,A,F,13133.659499
dataflow,BIS:BIS_DER(1.0),A,U,A,B,5J,A,1E,A,INR,TO1,A,A,3,C,1998,K,S,A,F,1213.62
dataflow,BIS:BIS_DER(1.0),A,U,A,B,5J,A,1E,A,INR,TO1,A,A,3,C,1999,K,S,M,F,
dataflow,BIS:BIS_DER(1.0),A,U,A,B,5J,A,1E,A,INR,TO1,A,A,3,C,2000,K,S,M,F,
dataflow,BIS:BIS_DER(1.0),A,U,A,B,5J,A,1E,A,INR,TO1,A,A,3,C,2001,K,S,A,F,2681.680556
dataflow,BIS:BIS_DER(1.0),A,U,A,B,5J,A,1E,A,INR,TO1,A,A,3,C,2002,K,S,M,F,
dataflow,BIS:BIS_DER(1.0),A,U,A,B,5J,A,1E,A,INR,TO1,A,A,3,C,2003,K,S,M,F,
dataflow,BIS:BIS_DER(1.0),A,U,A,B,5J,A,1E,A,INR,TO1,A,A,3,C,2004,K,S,A,F,5523.099284
dataflow,BIS:BIS_DER(1.0),A,U,A,B,5J,A,1E,A,INR,TO1,A,A,3,C,2005,K,S,M,F,
dataflow,BIS:BIS_DER(1.0),A,U,A,B,5J,A,1E,A,INR,TO1,A,A,3,C,2006,K,S,M,F,
dataflow,BIS:BIS_DER(1.0),A,U,A,B,5J,A,1E,A,INR,TO1,A,A,3,C,2007,K,S,A,F,17806.057085
dataflow,BIS:BIS_DER(1.0),A,U,A,B,5J,A,1E,A,INR,TO1,A,A,3,C,2008,K,S,M,F,
dataflow,BIS:BIS_DER(1.0),A,U,A,B,5J,A,1E,A,INR,TO1,A,A,3,C,2009,K,S,M,F,
dataflow,BIS:BIS_DER(1.0),A,U,A,B,5J,A,1E,A,INR,TO1,A,A,3,C,2010,K,S,A,F,23290.083034
dataflow,BIS:BIS_DER(1.0),A,U,A,B,5J,A,1E,A,INR,TO1,A,A,3,C,2011,K,S,M,F,
dataflow,BIS:BIS_DER(1.0),A,U,A,B,5J,A,1E,A,INR,TO1,A,A,3,C,2012,K,S,M,F,
dataflow,BIS:BIS_DER(1.0),A,U,A,B,5J,A,1E,A,INR,TO1,A,A,3,C,2013,K,S,A,F,30690.028535
dataflow,BIS:BIS_DER(1.0),A,U,A,B,5J,A,1E,A,INR,TO1,A,A,3,C,2014,K,S,M,F,
dataflow,BIS:BIS_DER(1.0),A,U,A,B,5J,A,1E,A,INR,TO1,A,A,3,C,2015,K,S,M,F,
dataflow,BIS:BIS_DER(1.0),A,U,A,B,5J,A,1E,A,INR,TO1,A,A,3,C,2016,K,S,A,F,33475.265319
dataflow,BIS:BIS_DER(1.0),A,U,A,B,5J,A,1E,A,INR,TO1,A,A,3,C,2017,K,S,M,F,
dataflow,BIS:BIS_DER(1.0),A,U,A,B,5J,A,1E,A,INR,TO1,A,A,3,C,2018,K,S,M,F,
dataflow,BIS:BIS_DER(1.0),A,U,A,B,5J,A,1E,A,INR,TO1,A,A,3,C,2019,K,S,A,F,62813.73487
dataflow,BIS:BIS_DER(1.0),A,U,A,B,5J,A,1E,A,INR,USD,A,A,3,C,1998,K,S,A,F,1158.215
dataflow,BIS:BIS_DER(1.0),A,U,A,B,5J,A,1E,A,INR,USD,A,A,3,C,1999,K,S,M,F,
dataflow,BIS:BIS_DER(1.0),A,U,A,B,5J,A,1E,A,INR,USD,A,A,3,C,2000,K,S,M,F,
dataflow,BIS:BIS_DER(1.0),A,U,A,B,5J,A,1E,A,INR,USD,A,A,3,C,2001,K,S,A,F,2519.235289
dataflow,BIS:BIS_DER(1.0),A,U,A,B,5J,A,1E,A,INR,USD,A,A,3,C,2002,K,S,M,F,
dataflow,BIS:BIS_DER(1.0),A,U,A,B,5J,A,1E,A,INR,USD,A,A,3,C,2003,K,S,M,F,
dataflow,BIS:BIS_DER(1.0),A,U,A,B,5J,A,1E,A,INR,USD,A,A,3,C,2004,K,S,A,F,5157.10315
dataflow,BIS:BIS_DER(1.0),A,U,A,B,5J,A,1E,A,INR,USD,A,A,3,C,2005,K,S,M,F,
dataflow,BIS:BIS_DER(1.0),A,U,A,B,5J,A,1E,A,INR,USD,A,A,3,C,2006,K,S,M,F,
dataflow,BIS:BIS_DER(1.0),A,U,A,B,5J,A,1E,A,INR,USD,A,A,3,C,2007,K,S,A,F,15819.65
dataflow,BIS:BIS_DER(1.0),A,U,A,B,5J,A,1E,A,INR,USD,A,A,3,C,2008,K,S,M,F,
dataflow,BIS:BIS_DER(1.0),A,U,A,B,5J,A,1E,A,INR,USD,A,A,3,C,2009,K,S,M,F,
dataflow,BIS:BIS_DER(1.0),A,U,A,B,5J,A,1E,A,INR,USD,A,A,3,C,2010,K,S,A,F,22531.691302
dataflow,BIS:BIS_DER(1.0),A,U,A,B,5J,A,1E,A,INR,USD,A,A,3,C,2011,K,S,M,F,
dataflow,BIS:BIS_DER(1.0),A,U,A,B,5J,A,1E,A,INR,USD,A,A,3,C,2012,K,S,M,F,
dataflow,BIS:BIS_DER(1.0),A,U,A,B,5J,A,1E,A,INR,USD,A,A,3,C,2013,K,S,A,F,29467.295629
dataflow,BIS:BIS_DER(1.0),A,U,A,B,5J,A,1E,A,INR,USD,A,A,3,C,2014,K,S,M,F,
dataflow,BIS:BIS_DER(1.0),A,U,A,B,5J,A,1E,A,INR,USD,A,A,3,C,2015,K,S,M,F,
dataflow,BIS:BIS_DER(1.0),A,U,A,B,5J,A,1E,A,INR,USD,A,A,3,C,2016,K,S,A,F,32568.807962
dataflow,BIS:BIS_DER(1.0),A,U,A,B,5J,A,1E,A,INR,USD,A,A,3,C,2017,K,S,M,F,
dataflow,BIS:BIS_DER(1.0),A,U,A,B,5J,A,1E,A,INR,USD,A,A,3,C,2018,K,S,M,F,
dataflow,BIS:BIS_DER(1.0),A,U,A,B,5J,A,1E,A,INR,USD,A,A,3,C,2019,K,S,A,F,60530.208694
dataflow,BIS:BIS_DER(1.0),A,U,A,B,5J,A,1E,A,JPY,AUD,A,A,3,C,1992,K,S,A,F,345.780319
dataflow,BIS:BIS_DER(1.0),A,U,A,B,5J,A,1E,A,JPY,AUD,A,A,3,C,1993,K,S,M,F,
dataflow,BIS:BIS_DER(1.0),A,U,A,B,5J,A,1E,A,JPY,AUD,A,A,3,C,1994,K,S,M,F,
dataflow,BIS:BIS_DER(1.0),A,U,A,B,5J,A,1E,A,JPY,AUD,A,A,3,C,1995,K,S,A,F,244.185788
dataflow,BIS:BIS_DER(1.0),A,U,A,B,5J,A,1E,A,JPY,AUD,A,A,3,C,1996,K,S,M,F,
dataflow,BIS:BIS_DER(1.0),A,U,A,B,5J,A,1E,A,JPY,AUD,A,A,3,C,1997,K,S,M,F,
dataflow,BIS:BIS_DER(1.0),A,U,A,B,5J,A,1E,A,JPY,AUD,A,A,3,C,1998,K,S,A,F,472.442754
dataflow,BIS:BIS_DER(1.0),A,U,A,B,5J,A,1E,A,JPY,AUD,A,A,3,C,1999,K,S,M,F,
dataflow,BIS:BIS_DER(1.0),A,U,A,B,5J,A,1E,A,JPY,AUD,A,A,3,C,2000,K,S,M,F,
dataflow,BIS:BIS_DER(1.0),A,U,A,B,5J,A,1E,A,JPY,AUD,A,A,3,C,2001,K,S,A,F,461.28823
dataflow,BIS:BIS_DER(1.0),A,U,A,B,5J,A,1E,A,JPY,AUD,A,A,3,C,2002,K,S,M,F,
dataflow,BIS:BIS_DER(1.0),A,U,A,B,5J,A,1E,A,JPY,AUD,A,A,3,C,2003,K,S,M,F,
dataflow,BIS:BIS_DER(1.0),A,U,A,B,5J,A,1E,A,JPY,AUD,A,A,3,C,2004,K,S,A,F,2183.086678
dataflow,BIS:BIS_DER(1.0),A,U,A,B,5J,A,1E,A,JPY,AUD,A,A,3,C,2005,K,S,M,F,
dataflow,BIS:BIS_DER(1.0),A,U,A,B,5J,A,1E,A,JPY,AUD,A,A,3,C,2006,K,S,M,F,
dataflow,BIS:BIS_DER(1.0),A,U,A,B,5J,A,1E,A,JPY,AUD,A,A,3,C,2007,K,S,A,F,3683.789588
dataflow,BIS:BIS_DER(1.0),A,U,A,B,5J,A,1E,A,JPY,AUD,A,A,3,C,2008,K,S,M,F,
dataflow,BIS:BIS_DER(1.0),A,U,A,B,5J,A,1E,A,JPY,AUD,A,A,3,C,2009,K,S,M,F,
dataflow,BIS:BIS_DER(1.0),A,U,A,B,5J,A,1E,A,JPY,AUD,A,A,3,C,2010,K,S,A,F,10285.06596
dataflow,BIS:BIS_DER(1.0),A,U,A,B,5J,A,1E,A,JPY,AUD,A,A,3,C,2011,K,S,M,F,
dataflow,BIS:BIS_DER(1.0),A,U,A,B,5J,A,1E,A,JPY,AUD,A,A,3,C,2012,K,S,M,F,
dataflow,BIS:BIS_DER(1.0),A,U,A,B,5J,A,1E,A,JPY,AUD,A,A,3,C,2013,K,S,A,F,20670.247504
dataflow,BIS:BIS_DER(1.0),A,U,A,B,5J,A,1E,A,JPY,AUD,A,A,3,C,2014,K,S,M,F,
dataflow,BIS:BIS_DER(1.0),A,U,A,B,5J,A,1E,A,JPY,AUD,A,A,3,C,2015,K,S,M,F,
dataflow,BIS:BIS_DER(1.0),A,U,A,B,5J,A,1E,A,JPY,AUD,A,A,3,C,2016,K,S,A,F,12160.254534
dataflow,BIS:BIS_DER(1.0),A,U,A,B,5J,A,1E,A,JPY,AUD,A,A,3,C,2017,K,S,M,F,
dataflow,BIS:BIS_DER(1.0),A,U,A,B,5J,A,1E,A,JPY,AUD,A,A,3,C,2018,K,S,M,F,
dataflow,BIS:BIS_DER(1.0),A,U,A,B,5J,A,1E,A,JPY,AUD,A,A,3,C,2019,K,S,A,F,18229.086467
dataflow,BIS:BIS_DER(1.0),A,U,A,B,5J,A,1E,A,JPY,BRL,A,A,3,C,2001,K,S,A,F,88.95
dataflow,BIS:BIS_DER(1.0),A,U,A,B,5J,A,1E,A,JPY,BRL,A,A,3,C,2002,K,S,M,F,
dataflow,BIS:BIS_DER(1.0),A,U,A,B,5J,A,1E,A,JPY,BRL,A,A,3,C,2003,K,S,M,F,
dataflow,BIS:BIS_DER(1.0),A,U,A,B,5J,A,1E,A,JPY,BRL,A,A,3,C,2004,K,S,A,F,90.77438
dataflow,BIS:BIS_DER(1.0),A,U,A,B,5J,A,1E,A,JPY,BRL,A,A,3,C,2005,K,S,M,F,
dataflow,BIS:BIS_DER(1.0),A,U,A,B,5J,A,1E,A,JPY,BRL,A,A,3,C,2006,K,S,M,F,
dataflow,BIS:BIS_DER(1.0),A,U,A,B,5J,A,1E,A,JPY,BRL,A,A,3,C,2007,K,S,A,F,27.857016
dataflow,BIS:BIS_DER(1.0),A,U,A,B,5J,A,1E,A,JPY,BRL,A,A,3,C,2008,K,S,M,F,
dataflow,BIS:BIS_DER(1.0),A,U,A,B,5J,A,1E,A,JPY,BRL,A,A,3,C,2009,K,S,M,F,
dataflow,BIS:BIS_DER(1.0),A,U,A,B,5J,A,1E,A,JPY,BRL,A,A,3,C,2010,K,S,A,F,62.525
dataflow,BIS:BIS_DER(1.0),A,U,A,B,5J,A,1E,A,JPY,BRL,A,A,3,C,2011,K,S,M,F,
dataflow,BIS:BIS_DER(1.0),A,U,A,B,5J,A,1E,A,JPY,BRL,A,A,3,C,2012,K,S,M,F,
dataflow,BIS:BIS_DER(1.0),A,U,A,B,5J,A,1E,A,JPY,BRL,A,A,3,C,2013,K,S,A,F,880.555016
dataflow,BIS:BIS_DER(1.0),A,U,A,B,5J,A,1E,A,JPY,BRL,A,A,3,C,2014,K,S,M,F,
dataflow,BIS:BIS_DER(1.0),A,U,A,B,5J,A,1E,A,JPY,BRL,A,A,3,C,2015,K,S,M,F,
dataflow,BIS:BIS_DER(1.0),A,U,A,B,5J,A,1E,A,JPY,BRL,A,A,3,C,2016,K,S,A,F,355.131301
dataflow,BIS:BIS_DER(1.0),A,U,A,B,5J,A,1E,A,JPY,BRL,A,A,3,C,2017,K,S,M,F,
dataflow,BIS:BIS_DER(1.0),A,U,A,B,5J,A,1E,A,JPY,BRL,A,A,3,C,2018,K,S,M,F,
dataflow,BIS:BIS_DER(1.0),A,U,A,B,5J,A,1E,A,JPY,BRL,A,A,3,C,2019,K,S,A,F,950.296766
dataflow,BIS:BIS_DER(1.0),A,U,A,B,5J,A,1E,A,JPY,CAD,A,A,3,C,1992,K,S,A,F,230.619043
dataflow,BIS:BIS_DER(1.0),A,U,A,B,5J,A,1E,A,JPY,CAD,A,A,3,C,1993,K,S,M,F,
dataflow,BIS:BIS_DER(1.0),A,U,A,B,5J,A,1E,A,JPY,CAD,A,A,3,C,1994,K,S,M,F,
dataflow,BIS:BIS_DER(1.0),A,U,A,B,5J,A,1E,A,JPY,CAD,A,A,3,C,1995,K,S,A,F,128.336839
dataflow,BIS:BIS_DER(1.0),A,U,A,B,5J,A,1E,A,JPY,CAD,A,A,3,C,1996,K,S,M,F,
dataflow,BIS:BIS_DER(1.0),A,U,A,B,5J,A,1E,A,JPY,CAD,A,A,3,C,1997,K,S,M,F,
dataflow,BIS:BIS_DER(1.0),A,U,A,B,5J,A,1E,A,JPY,CAD,A,A,3,C,1998,K,S,A,F,283.785705
dataflow,BIS:BIS_DER(1.0),A,U,A,B,5J,A,1E,A,JPY,CAD,A,A,3,C,1999,K,S,M,F,
dataflow,BIS:BIS_DER(1.0),A,U,A,B,5J,A,1E,A,JPY,CAD,A,A,3,C,2000,K,S,M,F,
dataflow,BIS:BIS_DER(1.0),A,U,A,B,5J,A,1E,A,JPY,CAD,A,A,3,C,2001,K,S,A,F,270.6
dataflow,BIS:BIS_DER(1.0),A,U,A,B,5J,A,1E,A,JPY,CAD,A,A,3,C,2002,K,S,M,F,
dataflow,BIS:BIS_DER(1.0),A,U,A,B,5J,A,1E,A,JPY,CAD,A,A,3,C,2003,K,S,M,F,
dataflow,BIS:BIS_DER(1.0),A,U,A,B,5J,A,1E,A,JPY,CAD,A,A,3,C,2004,K,S,A,F,506.976178
dataflow,BIS:BIS_DER(1.0),A,U,A,B,5J,A,1E,A,JPY,CAD,A,A,3,C,2005,K,S,M,F,
dataflow,BIS:BIS_DER(1.0),A,U,A,B,5J,A,1E,A,JPY,CAD,A,A,3,C,2006,K,S,M,F,
dataflow,BIS:BIS_DER(1.0),A,U,A,B,5J,A,1E,A,JPY,CAD,A,A,3,C,2007,K,S,A,F,1165.5
dataflow,BIS:BIS_DER(1.0),A,U,A,B,5J,A,1E,A,JPY,CAD,A,A,3,C,2008,K,S,M,F,
dataflow,BIS:BIS_DER(1.0),A,U,A,B,5J,A,1E,A,JPY,CAD,A,A,3,C,2009,K,S,M,F,
dataflow,BIS:BIS_DER(1.0),A,U,A,B,5J,A,1E,A,JPY,CAD,A,A,3,C,2010,K,S,A,F,1232.97618
dataflow,BIS:BIS_DER(1.0),A,U,A,B,5J,A,1E,A,JPY,CAD,A,A,3,C,2011,K,S,M,F,
dataflow,BIS:BIS_DER(1.0),A,U,A,B,5J,A,1E,A,JPY,CAD,A,A,3,C,2012,K,S,M,F,
dataflow,BIS:BIS_DER(1.0),A,U,A,B,5J,A,1E,A,JPY,CAD,A,A,3,C,2013,K,S,A,F,2678.431291
dataflow,BIS:BIS_DER(1.0),A,U,A,B,5J,A,1E,A,JPY,CAD,A,A,3,C,2014,K,S,M,F,
dataflow,BIS:BIS_DER(1.0),A,U,A,B,5J,A,1E,A,JPY,CAD,A,A,3,C,2015,K,S,M,F,
dataflow,BIS:BIS_DER(1.0),A,U,A,B,5J,A,1E,A,JPY,CAD,A,A,3,C,2016,K,S,A,F,2867.452383
dataflow,BIS:BIS_DER(1.0),A,U,A,B,5J,A,1E,A,JPY,CAD,A,A,3,C,2017,K,S,M,F,
dataflow,BIS:BIS_DER(1.0),A,U,A,B,5J,A,1E,A,JPY,CAD,A,A,3,C,2018,K,S,M,F,
dataflow,BIS:BIS_DER(1.0),A,U,A,B,5J,A,1E,A,JPY,CAD,A,A,3,C,2019,K,S,A,F,3418.148668
dataflow,BIS:BIS_DER(1.0),A,U,A,B,5J,A,1E,A,JPY,EUR,A,A,3,C,2001,K,S,A,F,17562.968806
dataflow,BIS:BIS_DER(1.0),A,U,A,B,5J,A,1E,A,JPY,EUR,A,A,3,C,2002,K,S,M,F,
dataflow,BIS:BIS_DER(1.0),A,U,A,B,5J,A,1E,A,JPY,EUR,A,A,3,C,2003,K,S,M,F,
dataflow,BIS:BIS_DER(1.0),A,U,A,B,5J,A,1E,A,JPY,EUR,A,A,3,C,2004,K,S,A,F,26534.098643
dataflow,BIS:BIS_DER(1.0),A,U,A,B,5J,A,1E,A,JPY,EUR,A,A,3,C,2005,K,S,M,F,
dataflow,BIS:BIS_DER(1.0),A,U,A,B,5J,A,1E,A,JPY,EUR,A,A,3,C,2006,K,S,M,F,
dataflow,BIS:BIS_DER(1.0),A,U,A,B,5J,A,1E,A,JPY,EUR,A,A,3,C,2007,K,S,A,F,31371.189954
dataflow,BIS:BIS_DER(1.0),A,U,A,B,5J,A,1E,A,JPY,EUR,A,A,3,C,2008,K,S,M,F,
dataflow,BIS:BIS_DER(1.0),A,U,A,B,5J,A,1E,A,JPY,EUR,A,A,3,C,2009,K,S,M,F,
dataflow,BIS:BIS_DER(1.0),A,U,A,B,5J,A,1E,A,JPY,EUR,A,A,3,C,2010,K,S,A,F,47292.425445
dataflow,BIS:BIS_DER(1.0),A,U,A,B,5J,A,1E,A,JPY,EUR,A,A,3,C,2011,K,S,M,F,
dataflow,BIS:BIS_DER(1.0),A,U,A,B,5J,A,1E,A,JPY,EUR,A,A,3,C,2012,K,S,M,F,
dataflow,BIS:BIS_DER(1.0),A,U,A,B,5J,A,1E,A,JPY,EUR,A,A,3,C,2013,K,S,A,F,66014.889184
dataflow,BIS:BIS_DER(1.0),A,U,A,B,5J,A,1E,A,JPY,EUR,A,A,3,C,2014,K,S,M,F,
dataflow,BIS:BIS_DER(1.0),A,U,A,B,5J,A,1E,A,JPY,EUR,A,A,3,C,2015,K,S,M,F,
dataflow,BIS:BIS_DER(1.0),A,U,A,B,5J,A,1E,A,JPY,EUR,A,A,3,C,2016,K,S,A,F,31711.835413
dataflow,BIS:BIS_DER(1.0),A,U,A,B,5J,A,1E,A,JPY,EUR,A,A,3,C,2017,K,S,M,F,
dataflow,BIS:BIS_DER(1.0),A,U,A,B,5J,A,1E,A,JPY,EUR,A,A,3,C,2018,K,S,M,F,
dataflow,BIS:BIS_DER(1.0),A,U,A,B,5J,A,1E,A,JPY,EUR,A,A,3,C,2019,K,S,A,F,52271.457221
dataflow,BIS:BIS_DER(1.0),A,U,A,B,5J,A,1E,A,JPY,NZD,A,A,3,C,1992,K,S,A,F,14.4464
dataflow,BIS:BIS_DER(1.0),A,U,A,B,5J,A,1E,A,JPY,NZD,A,A,3,C,1993,K,S,M,F,
dataflow,BIS:BIS_DER(1.0),A,U,A,B,5J,A,1E,A,JPY,NZD,A,A,3,C,1994,K,S,M,F,
dataflow,BIS:BIS_DER(1.0),A,U,A,B,5J,A,1E,A,JPY,NZD,A,A,3,C,1995,K,S,A,F,38.499994
dataflow,BIS:BIS_DER(1.0),A,U,A,B,5J,A,1E,A,JPY,NZD,A,A,3,C,1996,K,S,M,F,
dataflow,BIS:BIS_DER(1.0),A,U,A,B,5J,A,1E,A,JPY,NZD,A,A,3,C,1997,K,S,M,F,
dataflow,BIS:BIS_DER(1.0),A,U,A,B,5J,A,1E,A,JPY,NZD,A,A,3,C,1998,K,S,A,F,21.35
dataflow,BIS:BIS_DER(1.0),A,U,A,B,5J,A,1E,A,JPY,NZD,A,A,3,C,1999,K,S,M,F,
dataflow,BIS:BIS_DER(1.0),A,U,A,B,5J,A,1E,A,JPY,NZD,A,A,3,C,2000,K,S,M,F,
dataflow,BIS:BIS_DER(1.0),A,U,A,B,5J,A,1E,A,JPY,NZD,A,A,3,C,2001,K,S,A,F,41.388886
dataflow,BIS:BIS_DER(1.0),A,U,A,B,5J,A,1E,A,JPY,NZD,A,A,3,C,2002,K,S,M,F,
dataflow,BIS:BIS_DER(1.0),A,U,A,B,5J,A,1E,A,JPY,NZD,A,A,3,C,2003,K,S,M,F,
dataflow,BIS:BIS_DER(1.0),A,U,A,B,5J,A,1E,A,JPY,NZD,A,A,3,C,2004,K,S,A,F,19.830853
dataflow,BIS:BIS_DER(1.0),A,U,A,B,5J,A,1E,A,JPY,NZD,A,A,3,C,2005,K,S,M,F,
dataflow,BIS:BIS_DER(1.0),A,U,A,B,5J,A,1E,A,JPY,NZD,A,A,3,C,2006,K,S,M,F,
dataflow,BIS:BIS_DER(1.0),A,U,A,B,5J,A,1E,A,JPY,NZD,A,A,3,C,2007,K,S,A,F,56.802212
dataflow,BIS:BIS_DER(1.0),A,U,A,B,5J,A,1E,A,JPY,NZD,A,A,3,C,2008,K,S,M,F,
dataflow,BIS:BIS_DER(1.0),A,U,A,B,5J,A,1E,A,JPY,NZD,A,A,3,C,2009,K,S,M,F,
dataflow,BIS:BIS_DER(1.0),A,U,A,B,5J,A,1E,A,JPY,NZD,A,A,3,C,2010,K,S,A,F,1649.916036
dataflow,BIS:BIS_DER(1.0),A,U,A,B,5J,A,1E,A,JPY,NZD,A,A,3,C,2011,K,S,M,F,
dataflow,BIS:BIS_DER(1.0),A,U,A,B,5J,A,1E,A,JPY,NZD,A,A,3,C,2012,K,S,M,F,
dataflow,BIS:BIS_DER(1.0),A,U,A,B,5J,A,1E,A,JPY,NZD,A,A,3,C,2013,K,S,A,F,2333.558413
dataflow,BIS:BIS_DER(1.0),A,U,A,B,5J,A,1E,A,JPY,NZD,A,A,3,C,2014,K,S,M,F,
dataflow,BIS:BIS_DER(1.0),A,U,A,B,5J,A,1E,A,JPY,NZD,A,A,3,C,2015,K,S,M,F,
dataflow,BIS:BIS_DER(1.0),A,U,A,B,5J,A,1E,A,JPY,NZD,A,A,3,C,2016,K,S,A,F,2496.013056
dataflow,BIS:BIS_DER(1.0),A,U,A,B,5J,A,1E,A,JPY,NZD,A,A,3,C,2017,K,S,M,F,
dataflow,BIS:BIS_DER(1.0),A,U,A,B,5J,A,1E,A,JPY,NZD,A,A,3,C,2018,K,S,M,F,
dataflow,BIS:BIS_DER(1.0),A,U,A,B,5J,A,1E,A,JPY,NZD,A,A,3,C,2019,K,S,A,F,3399.711794
dataflow,BIS:BIS_DER(1.0),A,U,A,B,5J,A,1E,A,JPY,TO1,A,A,3,C,1992,K,S,A,F,87762.524407
dataflow,BIS:BIS_DER(1.0),A,U,A,B,5J,A,1E,A,JPY,TO1,A,A,3,C,1993,K,S,M,F,
dataflow,BIS:BIS_DER(1.0),A,U,A,B,5J,A,1E,A,JPY,TO1,A,A,3,C,1994,K,S,M,F,
dataflow,BIS:BIS_DER(1.0),A,U,A,B,5J,A,1E,A,JPY,TO1,A,A,3,C,1995,K,S,A,F,152741.069082
dataflow,BIS:BIS_DER(1.0),A,U,A,B,5J,A,1E,A,JPY,TO1,A,A,3,C,1996,K,S,M,F,
dataflow,BIS:BIS_DER(1.0),A,U,A,B,5J,A,1E,A,JPY,TO1,A,A,3,C,1997,K,S,M,F,
dataflow,BIS:BIS_DER(1.0),A,U,A,B,5J,A,1E,A,JPY,TO1,A,A,3,C,1998,K,S,A,F,160101.903239
dataflow,BIS:BIS_DER(1.0),A,U,A,B,5J,A,1E,A,JPY,TO1,A,A,3,C,1999,K,S,M,F,
dataflow,BIS:BIS_DER(1.0),A,U,A,B,5J,A,1E,A,JPY,TO1,A,A,3,C,2000,K,S,M,F,
dataflow,BIS:BIS_DER(1.0),A,U,A,B,5J,A,1E,A,JPY,TO1,A,A,3,C,2001,K,S,A,F,125825.602656
dataflow,BIS:BIS_DER(1.0),A,U,A,B,5J,A,1E,A,JPY,TO1,A,A,3,C,2002,K,S,M,F,
dataflow,BIS:BIS_DER(1.0),A,U,A,B,5J,A,1E,A,JPY,TO1,A,A,3,C,2003,K,S,M,F,
dataflow,BIS:BIS_DER(1.0),A,U,A,B,5J,A,1E,A,JPY,TO1,A,A,3,C,2004,K,S,A,F,167814.976512
dataflow,BIS:BIS_DER(1.0),A,U,A,B,5J,A,1E,A,JPY,TO1,A,A,3,C,2005,K,S,M,F,
dataflow,BIS:BIS_DER(1.0),A,U,A,B,5J,A,1E,A,JPY,TO1,A,A,3,C,2006,K,S,M,F,
dataflow,BIS:BIS_DER(1.0),A,U,A,B,5J,A,1E,A,JPY,TO1,A,A,3,C,2007,K,S,A,F,200950.878694
dataflow,BIS:BIS_DER(1.0),A,U,A,B,5J,A,1E,A,JPY,TO1,A,A,3,C,2008,K,S,M,F,
dataflow,BIS:BIS_DER(1.0),A,U,A,B,5J,A,1E,A,JPY,TO1,A,A,3,C,2009,K,S,M,F,
dataflow,BIS:BIS_DER(1.0),A,U,A,B,5J,A,1E,A,JPY,TO1,A,A,3,C,2010,K,S,A,F,270468.496502
dataflow,BIS:BIS_DER(1.0),A,U,A,B,5J,A,1E,A,JPY,TO1,A,A,3,C,2011,K,S,M,F,
dataflow,BIS:BIS_DER(1.0),A,U,A,B,5J,A,1E,A,JPY,TO1,A,A,3,C,2012,K,S,M,F,
dataflow,BIS:BIS_DER(1.0),A,U,A,B,5J,A,1E,A,JPY,TO1,A,A,3,C,2013,K,S,A,F,538447.044457
dataflow,BIS:BIS_DER(1.0),A,U,A,B,5J,A,1E,A,JPY,TO1,A,A,3,C,2014,K,S,M,F,
dataflow,BIS:BIS_DER(1.0),A,U,A,B,5J,A,1E,A,JPY,TO1,A,A,3,C,2015,K,S,M,F,
dataflow,BIS:BIS_DER(1.0),A,U,A,B,5J,A,1E,A,JPY,TO1,A,A,3,C,2016,K,S,A,F,384275.26451
dataflow,BIS:BIS_DER(1.0),A,U,A,B,5J,A,1E,A,JPY,TO1,A,A,3,C,2017,K,S,M,F,
dataflow,BIS:BIS_DER(1.0),A,U,A,B,5J,A,1E,A,JPY,TO1,A,A,3,C,2018,K,S,M,F,
dataflow,BIS:BIS_DER(1.0),A,U,A,B,5J,A,1E,A,JPY,TO1,A,A,3,C,2019,K,S,A,F,477718.350312
dataflow,BIS:BIS_DER(1.0),A,U,A,B,5J,A,1E,A,JPY,TRY,A,A,3,C,2004,K,S,A,F,0.238095
dataflow,BIS:BIS_DER(1.0),A,U,A,B,5J,A,1E,A,JPY,TRY,A,A,3,C,2005,K,S,M,F,
dataflow,BIS:BIS_DER(1.0),A,U,A,B,5J,A,1E,A,JPY,TRY,A,A,3,C,2006,K,S,M,F,
dataflow,BIS:BIS_DER(1.0),A,U,A,B,5J,A,1E,A,JPY,TRY,A,A,3,C,2007,K,S,A,F,2.099491
dataflow,BIS:BIS_DER(1.0),A,U,A,B,5J,A,1E,A,JPY,TRY,A,A,3,C,2008,K,S,M,F,
dataflow,BIS:BIS_DER(1.0),A,U,A,B,5J,A,1E,A,JPY,TRY,A,A,3,C,2009,K,S,M,F,
dataflow,BIS:BIS_DER(1.0),A,U,A,B,5J,A,1E,A,JPY,TRY,A,A,3,C,2010,K,S,A,F,19.762647
dataflow,BIS:BIS_DER(1.0),A,U,A,B,5J,A,1E,A,JPY,TRY,A,A,3,C,2011,K,S,M,F,
dataflow,BIS:BIS_DER(1.0),A,U,A,B,5J,A,1E,A,JPY,TRY,A,A,3,C,2012,K,S,M,F,
dataflow,BIS:BIS_DER(1.0),A,U,A,B,5J,A,1E,A,JPY,TRY,A,A,3,C,2013,K,S,A,F,246.125832
dataflow,BIS:BIS_DER(1.0),A,U,A,B,5J,A,1E,A,JPY,TRY,A,A,3,C,2014,K,S,M,F,
dataflow,BIS:BIS_DER(1.0),A,U,A,B,5J,A,1E,A,JPY,TRY,A,A,3,C,2015,K,S,M,F,
dataflow,BIS:BIS_DER(1.0),A,U,A,B,5J,A,1E,A,JPY,TRY,A,A,3,C,2016,K,S,A,F,1818.737905
dataflow,BIS:BIS_DER(1.0),A,U,A,B,5J,A,1E,A,JPY,TRY,A,A,3,C,2017,K,S,M,F,
dataflow,BIS:BIS_DER(1.0),A,U,A,B,5J,A,1E,A,JPY,TRY,A,A,3,C,2018,K,S,M,F,
dataflow,BIS:BIS_DER(1.0),A,U,A,B,5J,A,1E,A,JPY,TRY,A,A,3,C,2019,K,S,A,F,3114.061132
dataflow,BIS:BIS_DER(1.0),A,U,A,B,5J,A,1E,A,JPY,USD,A,A,3,C,1992,K,S,A,F,76161.579677
dataflow,BIS:BIS_DER(1.0),A,U,A,B,5J,A,1E,A,JPY,USD,A,A,3,C,1993,K,S,M,F,
dataflow,BIS:BIS_DER(1.0),A,U,A,B,5J,A,1E,A,JPY,USD,A,A,3,C,1994,K,S,M,F,
dataflow,BIS:BIS_DER(1.0),A,U,A,B,5J,A,1E,A,JPY,USD,A,A,3,C,1995,K,S,A,F,133210.874749
dataflow,BIS:BIS_DER(1.0),A,U,A,B,5J,A,1E,A,JPY,USD,A,A,3,C,1996,K,S,M,F,
dataflow,BIS:BIS_DER(1.0),A,U,A,B,5J,A,1E,A,JPY,USD,A,A,3,C,1997,K,S,M,F,
dataflow,BIS:BIS_DER(1.0),A,U,A,B,5J,A,1E,A,JPY,USD,A,A,3,C,1998,K,S,A,F,139758.730092
dataflow,BIS:BIS_DER(1.0),A,U,A,B,5J,A,1E,A,JPY,USD,A,A,3,C,1999,K,S,M,F,
dataflow,BIS:BIS_DER(1.0),A,U,A,B,5J,A,1E,A,JPY,USD,A,A,3,C,2000,K,S,M,F,
dataflow,BIS:BIS_DER(1.0),A,U,A,B,5J,A,1E,A,JPY,USD,A,A,3,C,2001,K,S,A,F,104736.370672
dataflow,BIS:BIS_DER(1.0),A,U,A,B,5J,A,1E,A,JPY,USD,A,A,3,C,2002,K,S,M,F,
dataflow,BIS:BIS_DER(1.0),A,U,A,B,5J,A,1E,A,JPY,USD,A,A,3,C,2003,K,S,M,F,
dataflow,BIS:BIS_DER(1.0),A,U,A,B,5J,A,1E,A,JPY,USD,A,A,3,C,2004,K,S,A,F,131239.577492
dataflow,BIS:BIS_DER(1.0),A,U,A,B,5J,A,1E,A,JPY,USD,A,A,3,C,2005,K,S,M,F,
dataflow,BIS:BIS_DER(1.0),A,U,A,B,5J,A,1E,A,JPY,USD,A,A,3,C,2006,K,S,M,F,
dataflow,BIS:BIS_DER(1.0),A,U,A,B,5J,A,1E,A,JPY,USD,A,A,3,C,2007,K,S,A,F,144883.27099
dataflow,BIS:BIS_DER(1.0),A,U,A,B,5J,A,1E,A,JPY,USD,A,A,3,C,2008,K,S,M,F,
dataflow,BIS:BIS_DER(1.0),A,U,A,B,5J,A,1E,A,JPY,USD,A,A,3,C,2009,K,S,M,F,
dataflow,BIS:BIS_DER(1.0),A,U,A,B,5J,A,1E,A,JPY,USD,A,A,3,C,2010,K,S,A,F,191023.785076
dataflow,BIS:BIS_DER(1.0),A,U,A,B,5J,A,1E,A,JPY,USD,A,A,3,C,2011,K,S,M,F,
dataflow,BIS:BIS_DER(1.0),A,U,A,B,5J,A,1E,A,JPY,USD,A,A,3,C,2012,K,S,M,F,
dataflow,BIS:BIS_DER(1.0),A,U,A,B,5J,A,1E,A,JPY,USD,A,A,3,C,2013,K,S,A,F,422628.028657
dataflow,BIS:BIS_DER(1.0),A,U,A,B,5J,A,1E,A,JPY,USD,A,A,3,C,2014,K,S,M,F,
dataflow,BIS:BIS_DER(1.0),A,U,A,B,5J,A,1E,A,JPY,USD,A,A,3,C,2015,K,S,M,F,
dataflow,BIS:BIS_DER(1.0),A,U,A,B,5J,A,1E,A,JPY,USD,A,A,3,C,2016,K,S,A,F,301747.648858
dataflow,BIS:BIS_DER(1.0),A,U,A,B,5J,A,1E,A,JPY,USD,A,A,3,C,2017,K,S,M,F,
dataflow,BIS:BIS_DER(1.0),A,U,A,B,5J,A,1E,A,JPY,USD,A,A,3,C,2018,K,S,M,F,
dataflow,BIS:BIS_DER(1.0),A,U,A,B,5J,A,1E,A,JPY,USD,A,A,3,C,2019,K,S,A,F,360639.654074
dataflow,BIS:BIS_DER(1.0),A,U,A,B,5J,A,1E,A,JPY,ZAR,A,A,3,C,1992,K,S,A,F,35.95
dataflow,BIS:BIS_DER(1.0),A,U,A,B,5J,A,1E,A,JPY,ZAR,A,A,3,C,1993,K,S,M,F,
dataflow,BIS:BIS_DER(1.0),A,U,A,B,5J,A,1E,A,JPY,ZAR,A,A,3,C,1994,K,S,M,F,
dataflow,BIS:BIS_DER(1.0),A,U,A,B,5J,A,1E,A,JPY,ZAR,A,A,3,C,1995,K,S,A,F,20.967642
dataflow,BIS:BIS_DER(1.0),A,U,A,B,5J,A,1E,A,JPY,ZAR,A,A,3,C,1996,K,S,M,F,
dataflow,BIS:BIS_DER(1.0),A,U,A,B,5J,A,1E,A,JPY,ZAR,A,A,3,C,1997,K,S,M,F,
dataflow,BIS:BIS_DER(1.0),A,U,A,B,5J,A,1E,A,JPY,ZAR,A,A,3,C,1998,K,S,A,F,151.894733
dataflow,BIS:BIS_DER(1.0),A,U,A,B,5J,A,1E,A,JPY,ZAR,A,A,3,C,1999,K,S,M,F,
dataflow,BIS:BIS_DER(1.0),A,U,A,B,5J,A,1E,A,JPY,ZAR,A,A,3,C,2000,K,S,M,F,
dataflow,BIS:BIS_DER(1.0),A,U,A,B,5J,A,1E,A,JPY,ZAR,A,A,3,C,2001,K,S,A,F,28.388885
dataflow,BIS:BIS_DER(1.0),A,U,A,B,5J,A,1E,A,JPY,ZAR,A,A,3,C,2002,K,S,M,F,
dataflow,BIS:BIS_DER(1.0),A,U,A,B,5J,A,1E,A,JPY,ZAR,A,A,3,C,2003,K,S,M,F,
dataflow,BIS:BIS_DER(1.0),A,U,A,B,5J,A,1E,A,JPY,ZAR,A,A,3,C,2004,K,S,A,F,6.342463
dataflow,BIS:BIS_DER(1.0),A,U,A,B,5J,A,1E,A,JPY,ZAR,A,A,3,C,2005,K,S,M,F,
dataflow,BIS:BIS_DER(1.0),A,U,A,B,5J,A,1E,A,JPY,ZAR,A,A,3,C,2006,K,S,M,F,
dataflow,BIS:BIS_DER(1.0),A,U,A,B,5J,A,1E,A,JPY,ZAR,A,A,3,C,2007,K,S,A,F,22.919164
dataflow,BIS:BIS_DER(1.0),A,U,A,B,5J,A,1E,A,JPY,ZAR,A,A,3,C,2008,K,S,M,F,
dataflow,BIS:BIS_DER(1.0),A,U,A,B,5J,A,1E,A,JPY,ZAR,A,A,3,C,2009,K,S,M,F,
dataflow,BIS:BIS_DER(1.0),A,U,A,B,5J,A,1E,A,JPY,ZAR,A,A,3,C,2010,K,S,A,F,9.710522
dataflow,BIS:BIS_DER(1.0),A,U,A,B,5J,A,1E,A,JPY,ZAR,A,A,3,C,2011,K,S,M,F,
dataflow,BIS:BIS_DER(1.0),A,U,A,B,5J,A,1E,A,JPY,ZAR,A,A,3,C,2012,K,S,M,F,
dataflow,BIS:BIS_DER(1.0),A,U,A,B,5J,A,1E,A,JPY,ZAR,A,A,3,C,2013,K,S,A,F,2036.917257
dataflow,BIS:BIS_DER(1.0),A,U,A,B,5J,A,1E,A,JPY,ZAR,A,A,3,C,2014,K,S,M,F,
dataflow,BIS:BIS_DER(1.0),A,U,A,B,5J,A,1E,A,JPY,ZAR,A,A,3,C,2015,K,S,M,F,
dataflow,BIS:BIS_DER(1.0),A,U,A,B,5J,A,1E,A,JPY,ZAR,A,A,3,C,2016,K,S,A,F,1858.689101
dataflow,BIS:BIS_DER(1.0),A,U,A,B,5J,A,1E,A,JPY,ZAR,A,A,3,C,2017,K,S,M,F,
dataflow,BIS:BIS_DER(1.0),A,U,A,B,5J,A,1E,A,JPY,ZAR,A,A,3,C,2018,K,S,M,F,
dataflow,BIS:BIS_DER(1.0),A,U,A,B,5J,A,1E,A,JPY,ZAR,A,A,3,C,2019,K,S,A,F,2839.755761
dataflow,BIS:BIS_DER(1.0),A,U,A,B,5J,A,1E,A,KRW,TO1,A,A,3,C,1998,K,S,A,F,2260.040903
dataflow,BIS:BIS_DER(1.0),A,U,A,B,5J,A,1E,A,KRW,TO1,A,A,3,C,1999,K,S,M,F,
dataflow,BIS:BIS_DER(1.0),A,U,A,B,5J,A,1E,A,KRW,TO1,A,A,3,C,2000,K,S,M,F,
dataflow,BIS:BIS_DER(1.0),A,U,A,B,5J,A,1E,A,KRW,TO1,A,A,3,C,2001,K,S,A,F,7459.779252
dataflow,BIS:BIS_DER(1.0),A,U,A,B,5J,A,1E,A,KRW,TO1,A,A,3,C,2002,K,S,M,F,
dataflow,BIS:BIS_DER(1.0),A,U,A,B,5J,A,1E,A,KRW,TO1,A,A,3,C,2003,K,S,M,F,
dataflow,BIS:BIS_DER(1.0),A,U,A,B,5J,A,1E,A,KRW,TO1,A,A,3,C,2004,K,S,A,F,15211.410133
dataflow,BIS:BIS_DER(1.0),A,U,A,B,5J,A,1E,A,KRW,TO1,A,A,3,C,2005,K,S,M,F,
dataflow,BIS:BIS_DER(1.0),A,U,A,B,5J,A,1E,A,KRW,TO1,A,A,3,C,2006,K,S,M,F,
dataflow,BIS:BIS_DER(1.0),A,U,A,B,5J,A,1E,A,KRW,TO1,A,A,3,C,2007,K,S,A,F,24590.835956
dataflow,BIS:BIS_DER(1.0),A,U,A,B,5J,A,1E,A,KRW,TO1,A,A,3,C,2008,K,S,M,F,
dataflow,BIS:BIS_DER(1.0),A,U,A,B,5J,A,1E,A,KRW,TO1,A,A,3,C,2009,K,S,M,F,
dataflow,BIS:BIS_DER(1.0),A,U,A,B,5J,A,1E,A,KRW,TO1,A,A,3,C,2010,K,S,A,F,35981.002098
dataflow,BIS:BIS_DER(1.0),A,U,A,B,5J,A,1E,A,KRW,TO1,A,A,3,C,2011,K,S,M,F,
dataflow,BIS:BIS_DER(1.0),A,U,A,B,5J,A,1E,A,KRW,TO1,A,A,3,C,2012,K,S,M,F,
dataflow,BIS:BIS_DER(1.0),A,U,A,B,5J,A,1E,A,KRW,TO1,A,A,3,C,2013,K,S,A,F,38751.392501
dataflow,BIS:BIS_DER(1.0),A,U,A,B,5J,A,1E,A,KRW,TO1,A,A,3,C,2014,K,S,M,F,
dataflow,BIS:BIS_DER(1.0),A,U,A,B,5J,A,1E,A,KRW,TO1,A,A,3,C,2015,K,S,M,F,
dataflow,BIS:BIS_DER(1.0),A,U,A,B,5J,A,1E,A,KRW,TO1,A,A,3,C,2016,K,S,A,F,42906.438491
dataflow,BIS:BIS_DER(1.0),A,U,A,B,5J,A,1E,A,KRW,TO1,A,A,3,C,2017,K,S,M,F,
dataflow,BIS:BIS_DER(1.0),A,U,A,B,5J,A,1E,A,KRW,TO1,A,A,3,C,2018,K,S,M,F,
dataflow,BIS:BIS_DER(1.0),A,U,A,B,5J,A,1E,A,KRW,TO1,A,A,3,C,2019,K,S,A,F,68210.703813
dataflow,BIS:BIS_DER(1.0),A,U,A,B,5J,A,1E,A,KRW,USD,A,A,3,C,1998,K,S,A,F,2192.713632
dataflow,BIS:BIS_DER(1.0),A,U,A,B,5J,A,1E,A,KRW,USD,A,A,3,C,1999,K,S,M,F,
dataflow,BIS:BIS_DER(1.0),A,U,A,B,5J,A,1E,A,KRW,USD,A,A,3,C,2000,K,S,M,F,
dataflow,BIS:BIS_DER(1.0),A,U,A,B,5J,A,1E,A,KRW,USD,A,A,3,C,2001,K,S,A,F,6992.9
dataflow,BIS:BIS_DER(1.0),A,U,A,B,5J,A,1E,A,KRW,USD,A,A,3,C,2002,K,S,M,F,
dataflow,BIS:BIS_DER(1.0),A,U,A,B,5J,A,1E,A,KRW,USD,A,A,3,C,2003,K,S,M,F,
dataflow,BIS:BIS_DER(1.0),A,U,A,B,5J,A,1E,A,KRW,USD,A,A,3,C,2004,K,S,A,F,13589.7
dataflow,BIS:BIS_DER(1.0),A,U,A,B,5J,A,1E,A,KRW,USD,A,A,3,C,2005,K,S,M,F,
dataflow,BIS:BIS_DER(1.0),A,U,A,B,5J,A,1E,A,KRW,USD,A,A,3,C,2006,K,S,M,F,
dataflow,BIS:BIS_DER(1.0),A,U,A,B,5J,A,1E,A,KRW,USD,A,A,3,C,2007,K,S,A,F,20451.833325
dataflow,BIS:BIS_DER(1.0),A,U,A,B,5J,A,1E,A,KRW,USD,A,A,3,C,2008,K,S,M,F,
dataflow,BIS:BIS_DER(1.0),A,U,A,B,5J,A,1E,A,KRW,USD,A,A,3,C,2009,K,S,M,F,
dataflow,BIS:BIS_DER(1.0),A,U,A,B,5J,A,1E,A,KRW,USD,A,A,3,C,2010,K,S,A,F,34968.217824
dataflow,BIS:BIS_DER(1.0),A,U,A,B,5J,A,1E,A,KRW,USD,A,A,3,C,2011,K,S,M,F,
dataflow,BIS:BIS_DER(1.0),A,U,A,B,5J,A,1E,A,KRW,USD,A,A,3,C,2012,K,S,M,F,
dataflow,BIS:BIS_DER(1.0),A,U,A,B,5J,A,1E,A,KRW,USD,A,A,3,C,2013,K,S,A,F,37019.362313
dataflow,BIS:BIS_DER(1.0),A,U,A,B,5J,A,1E,A,KRW,USD,A,A,3,C,2014,K,S,M,F,
dataflow,BIS:BIS_DER(1.0),A,U,A,B,5J,A,1E,A,KRW,USD,A,A,3,C,2015,K,S,M,F,
dataflow,BIS:BIS_DER(1.0),A,U,A,B,5J,A,1E,A,KRW,USD,A,A,3,C,2016,K,S,A,F,38825.120593
dataflow,BIS:BIS_DER(1.0),A,U,A,B,5J,A,1E,A,KRW,USD,A,A,3,C,2017,K,S,M,F,
dataflow,BIS:BIS_DER(1.0),A,U,A,B,5J,A,1E,A,KRW,USD,A,A,3,C,2018,K,S,M,F,
dataflow,BIS:BIS_DER(1.0),A,U,A,B,5J,A,1E,A,KRW,USD,A,A,3,C,2019,K,S,A,F,63841.877034
dataflow,BIS:BIS_DER(1.0),A,U,A,B,5J,A,1E,A,MXN,TO1,A,A,3,C,1998,K,S,A,F,4978.385
dataflow,BIS:BIS_DER(1.0),A,U,A,B,5J,A,1E,A,MXN,TO1,A,A,3,C,1999,K,S,M,F,
dataflow,BIS:BIS_DER(1.0),A,U,A,B,5J,A,1E,A,MXN,TO1,A,A,3,C,2000,K,S,M,F,
dataflow,BIS:BIS_DER(1.0),A,U,A,B,5J,A,1E,A,MXN,TO1,A,A,3,C,2001,K,S,A,F,4380.978509
dataflow,BIS:BIS_DER(1.0),A,U,A,B,5J,A,1E,A,MXN,TO1,A,A,3,C,2002,K,S,M,F,
dataflow,BIS:BIS_DER(1.0),A,U,A,B,5J,A,1E,A,MXN,TO1,A,A,3,C,2003,K,S,M,F,
dataflow,BIS:BIS_DER(1.0),A,U,A,B,5J,A,1E,A,MXN,TO1,A,A,3,C,2004,K,S,A,F,7645.369371
dataflow,BIS:BIS_DER(1.0),A,U,A,B,5J,A,1E,A,MXN,TO1,A,A,3,C,2005,K,S,M,F,
dataflow,BIS:BIS_DER(1.0),A,U,A,B,5J,A,1E,A,MXN,TO1,A,A,3,C,2006,K,S,M,F,
dataflow,BIS:BIS_DER(1.0),A,U,A,B,5J,A,1E,A,MXN,TO1,A,A,3,C,2007,K,S,A,F,17064.106484
dataflow,BIS:BIS_DER(1.0),A,U,A,B,5J,A,1E,A,MXN,TO1,A,A,3,C,2008,K,S,M,F,
dataflow,BIS:BIS_DER(1.0),A,U,A,B,5J,A,1E,A,MXN,TO1,A,A,3,C,2009,K,S,M,F,
dataflow,BIS:BIS_DER(1.0),A,U,A,B,5J,A,1E,A,MXN,TO1,A,A,3,C,2010,K,S,A,F,15679.96889
dataflow,BIS:BIS_DER(1.0),A,U,A,B,5J,A,1E,A,MXN,TO1,A,A,3,C,2011,K,S,M,F,
dataflow,BIS:BIS_DER(1.0),A,U,A,B,5J,A,1E,A,MXN,TO1,A,A,3,C,2012,K,S,M,F,
dataflow,BIS:BIS_DER(1.0),A,U,A,B,5J,A,1E,A,MXN,TO1,A,A,3,C,2013,K,S,A,F,54703.67862
dataflow,BIS:BIS_DER(1.0),A,U,A,B,5J,A,1E,A,MXN,TO1,A,A,3,C,2014,K,S,M,F,
dataflow,BIS:BIS_DER(1.0),A,U,A,B,5J,A,1E,A,MXN,TO1,A,A,3,C,2015,K,S,M,F,
dataflow,BIS:BIS_DER(1.0),A,U,A,B,5J,A,1E,A,MXN,TO1,A,A,3,C,2016,K,S,A,F,32302.143287
dataflow,BIS:BIS_DER(1.0),A,U,A,B,5J,A,1E,A,MXN,TO1,A,A,3,C,2017,K,S,M,F,
dataflow,BIS:BIS_DER(1.0),A,U,A,B,5J,A,1E,A,MXN,TO1,A,A,3,C,2018,K,S,M,F,
dataflow,BIS:BIS_DER(1.0),A,U,A,B,5J,A,1E,A,MXN,TO1,A,A,3,C,2019,K,S,A,F,51425.655276
dataflow,BIS:BIS_DER(1.0),A,U,A,B,5J,A,1E,A,MXN,USD,A,A,3,C,1998,K,S,A,F,4975.535
dataflow,BIS:BIS_DER(1.0),A,U,A,B,5J,A,1E,A,MXN,USD,A,A,3,C,1999,K,S,M,F,
dataflow,BIS:BIS_DER(1.0),A,U,A,B,5J,A,1E,A,MXN,USD,A,A,3,C,2000,K,S,M,F,
dataflow,BIS:BIS_DER(1.0),A,U,A,B,5J,A,1E,A,MXN,USD,A,A,3,C,2001,K,S,A,F,2852.578941
dataflow,BIS:BIS_DER(1.0),A,U,A,B,5J,A,1E,A,MXN,USD,A,A,3,C,2002,K,S,M,F,
dataflow,BIS:BIS_DER(1.0),A,U,A,B,5J,A,1E,A,MXN,USD,A,A,3,C,2003,K,S,M,F,
dataflow,BIS:BIS_DER(1.0),A,U,A,B,5J,A,1E,A,MXN,USD,A,A,3,C,2004,K,S,A,F,3417.850505
dataflow,BIS:BIS_DER(1.0),A,U,A,B,5J,A,1E,A,MXN,USD,A,A,3,C,2005,K,S,M,F,
dataflow,BIS:BIS_DER(1.0),A,U,A,B,5J,A,1E,A,MXN,USD,A,A,3,C,2006,K,S,M,F,
dataflow,BIS:BIS_DER(1.0),A,U,A,B,5J,A,1E,A,MXN,USD,A,A,3,C,2007,K,S,A,F,3910.421048
dataflow,BIS:BIS_DER(1.0),A,U,A,B,5J,A,1E,A,MXN,USD,A,A,3,C,2008,K,S,M,F,
dataflow,BIS:BIS_DER(1.0),A,U,A,B,5J,A,1E,A,MXN,USD,A,A,3,C,2009,K,S,M,F,
dataflow,BIS:BIS_DER(1.0),A,U,A,B,5J,A,1E,A,MXN,USD,A,A,3,C,2010,K,S,A,F,3315.575
dataflow,BIS:BIS_DER(1.0),A,U,A,B,5J,A,1E,A,MXN,USD,A,A,3,C,2011,K,S,M,F,
dataflow,BIS:BIS_DER(1.0),A,U,A,B,5J,A,1E,A,MXN,USD,A,A,3,C,2012,K,S,M,F,
dataflow,BIS:BIS_DER(1.0),A,U,A,B,5J,A,1E,A,MXN,USD,A,A,3,C,2013,K,S,A,F,51891.546005
dataflow,BIS:BIS_DER(1.0),A,U,A,B,5J,A,1E,A,MXN,USD,A,A,3,C,2014,K,S,M,F,
dataflow,BIS:BIS_DER(1.0),A,U,A,B,5J,A,1E,A,MXN,USD,A,A,3,C,2015,K,S,M,F,
dataflow,BIS:BIS_DER(1.0),A,U,A,B,5J,A,1E,A,MXN,USD,A,A,3,C,2016,K,S,A,F,29753.44294
dataflow,BIS:BIS_DER(1.0),A,U,A,B,5J,A,1E,A,MXN,USD,A,A,3,C,2017,K,S,M,F,
dataflow,BIS:BIS_DER(1.0),A,U,A,B,5J,A,1E,A,MXN,USD,A,A,3,C,2018,K,S,M,F,
dataflow,BIS:BIS_DER(1.0),A,U,A,B,5J,A,1E,A,MXN,USD,A,A,3,C,2019,K,S,A,F,47111.165399
dataflow,BIS:BIS_DER(1.0),A,U,A,B,5J,A,1E,A,NOK,EUR,A,A,3,C,2001,K,S,A,F,395.888882
dataflow,BIS:BIS_DER(1.0),A,U,A,B,5J,A,1E,A,NOK,EUR,A,A,3,C,2002,K,S,M,F,
dataflow,BIS:BIS_DER(1.0),A,U,A,B,5J,A,1E,A,NOK,EUR,A,A,3,C,2003,K,S,M,F,
dataflow,BIS:BIS_DER(1.0),A,U,A,B,5J,A,1E,A,NOK,EUR,A,A,3,C,2004,K,S,A,F,767.130388
dataflow,BIS:BIS_DER(1.0),A,U,A,B,5J,A,1E,A,NOK,EUR,A,A,3,C,2005,K,S,M,F,
dataflow,BIS:BIS_DER(1.0),A,U,A,B,5J,A,1E,A,NOK,EUR,A,A,3,C,2006,K,S,M,F,
dataflow,BIS:BIS_DER(1.0),A,U,A,B,5J,A,1E,A,NOK,EUR,A,A,3,C,2007,K,S,A,F,1633.694438
dataflow,BIS:BIS_DER(1.0),A,U,A,B,5J,A,1E,A,NOK,EUR,A,A,3,C,2008,K,S,M,F,
dataflow,BIS:BIS_DER(1.0),A,U,A,B,5J,A,1E,A,NOK,EUR,A,A,3,C,2009,K,S,M,F,
dataflow,BIS:BIS_DER(1.0),A,U,A,B,5J,A,1E,A,NOK,EUR,A,A,3,C,2010,K,S,A,F,1418.8421
dataflow,BIS:BIS_DER(1.0),A,U,A,B,5J,A,1E,A,NOK,EUR,A,A,3,C,2011,K,S,M,F,
dataflow,BIS:BIS_DER(1.0),A,U,A,B,5J,A,1E,A,NOK,EUR,A,A,3,C,2012,K,S,M,F,
dataflow,BIS:BIS_DER(1.0),A,U,A,B,5J,A,1E,A,NOK,EUR,A,A,3,C,2013,K,S,A,F,8821.353601
dataflow,BIS:BIS_DER(1.0),A,U,A,B,5J,A,1E,A,NOK,EUR,A,A,3,C,2014,K,S,M,F,
dataflow,BIS:BIS_DER(1.0),A,U,A,B,5J,A,1E,A,NOK,EUR,A,A,3,C,2015,K,S,M,F,
dataflow,BIS:BIS_DER(1.0),A,U,A,B,5J,A,1E,A,NOK,EUR,A,A,3,C,2016,K,S,A,F,9093.099801
dataflow,BIS:BIS_DER(1.0),A,U,A,B,5J,A,1E,A,NOK,EUR,A,A,3,C,2017,K,S,M,F,
dataflow,BIS:BIS_DER(1.0),A,U,A,B,5J,A,1E,A,NOK,EUR,A,A,3,C,2018,K,S,M,F,
dataflow,BIS:BIS_DER(1.0),A,U,A,B,5J,A,1E,A,NOK,EUR,A,A,3,C,2019,K,S,A,F,17533.448421
dataflow,BIS:BIS_DER(1.0),A,U,A,B,5J,A,1E,A,NOK,TO1,A,A,3,C,1992,K,S,A,F,1389.834207
dataflow,BIS:BIS_DER(1.0),A,U,A,B,5J,A,1E,A,NOK,TO1,A,A,3,C,1993,K,S,M,F,
dataflow,BIS:BIS_DER(1.0),A,U,A,B,5J,A,1E,A,NOK,TO1,A,A,3,C,1994,K,S,M,F,
dataflow,BIS:BIS_DER(1.0),A,U,A,B,5J,A,1E,A,NOK,TO1,A,A,3,C,1995,K,S,A,F,1354.11764
dataflow,BIS:BIS_DER(1.0),A,U,A,B,5J,A,1E,A,NOK,TO1,A,A,3,C,1996,K,S,M,F,
dataflow,BIS:BIS_DER(1.0),A,U,A,B,5J,A,1E,A,NOK,TO1,A,A,3,C,1997,K,S,M,F,
dataflow,BIS:BIS_DER(1.0),A,U,A,B,5J,A,1E,A,NOK,TO1,A,A,3,C,1998,K,S,A,F,1526.278941
dataflow,BIS:BIS_DER(1.0),A,U,A,B,5J,A,1E,A,NOK,TO1,A,A,3,C,1999,K,S,M,F,
dataflow,BIS:BIS_DER(1.0),A,U,A,B,5J,A,1E,A,NOK,TO1,A,A,3,C,2000,K,S,M,F,
dataflow,BIS:BIS_DER(1.0),A,U,A,B,5J,A,1E,A,NOK,TO1,A,A,3,C,2001,K,S,A,F,5773.830519
dataflow,BIS:BIS_DER(1.0),A,U,A,B,5J,A,1E,A,NOK,TO1,A,A,3,C,2002,K,S,M,F,
dataflow,BIS:BIS_DER(1.0),A,U,A,B,5J,A,1E,A,NOK,TO1,A,A,3,C,2003,K,S,M,F,
dataflow,BIS:BIS_DER(1.0),A,U,A,B,5J,A,1E,A,NOK,TO1,A,A,3,C,2004,K,S,A,F,7076.316591
dataflow,BIS:BIS_DER(1.0),A,U,A,B,5J,A,1E,A,NOK,TO1,A,A,3,C,2005,K,S,M,F,
dataflow,BIS:BIS_DER(1.0),A,U,A,B,5J,A,1E,A,NOK,TO1,A,A,3,C,2006,K,S,M,F,
dataflow,BIS:BIS_DER(1.0),A,U,A,B,5J,A,1E,A,NOK,TO1,A,A,3,C,2007,K,S,A,F,19022.682026
dataflow,BIS:BIS_DER(1.0),A,U,A,B,5J,A,1E,A,NOK,TO1,A,A,3,C,2008,K,S,M,F,
dataflow,BIS:BIS_DER(1.0),A,U,A,B,5J,A,1E,A,NOK,TO1,A,A,3,C,2009,K,S,M,F,
dataflow,BIS:BIS_DER(1.0),A,U,A,B,5J,A,1E,A,NOK,TO1,A,A,3,C,2010,K,S,A,F,14867.015671
dataflow,BIS:BIS_DER(1.0),A,U,A,B,5J,A,1E,A,NOK,TO1,A,A,3,C,2011,K,S,M,F,
dataflow,BIS:BIS_DER(1.0),A,U,A,B,5J,A,1E,A,NOK,TO1,A,A,3,C,2012,K,S,M,F,
dataflow,BIS:BIS_DER(1.0),A,U,A,B,5J,A,1E,A,NOK,TO1,A,A,3,C,2013,K,S,A,F,28882.921544
dataflow,BIS:BIS_DER(1.0),A,U,A,B,5J,A,1E,A,NOK,TO1,A,A,3,C,2014,K,S,M,F,
dataflow,BIS:BIS_DER(1.0),A,U,A,B,5J,A,1E,A,NOK,TO1,A,A,3,C,2015,K,S,M,F,
dataflow,BIS:BIS_DER(1.0),A,U,A,B,5J,A,1E,A,NOK,TO1,A,A,3,C,2016,K,S,A,F,26041.587291
dataflow,BIS:BIS_DER(1.0),A,U,A,B,5J,A,1E,A,NOK,TO1,A,A,3,C,2017,K,S,M,F,
dataflow,BIS:BIS_DER(1.0),A,U,A,B,5J,A,1E,A,NOK,TO1,A,A,3,C,2018,K,S,M,F,
dataflow,BIS:BIS_DER(1.0),A,U,A,B,5J,A,1E,A,NOK,TO1,A,A,3,C,2019,K,S,A,F,57087.81428
dataflow,BIS:BIS_DER(1.0),A,U,A,B,5J,A,1E,A,NOK,USD,A,A,3,C,1992,K,S,A,F,1020.578942
dataflow,BIS:BIS_DER(1.0),A,U,A,B,5J,A,1E,A,NOK,USD,A,A,3,C,1993,K,S,M,F,
dataflow,BIS:BIS_DER(1.0),A,U,A,B,5J,A,1E,A,NOK,USD,A,A,3,C,1994,K,S,M,F,
dataflow,BIS:BIS_DER(1.0),A,U,A,B,5J,A,1E,A,NOK,USD,A,A,3,C,1995,K,S,A,F,739.882345
dataflow,BIS:BIS_DER(1.0),A,U,A,B,5J,A,1E,A,NOK,USD,A,A,3,C,1996,K,S,M,F,
dataflow,BIS:BIS_DER(1.0),A,U,A,B,5J,A,1E,A,NOK,USD,A,A,3,C,1997,K,S,M,F,
dataflow,BIS:BIS_DER(1.0),A,U,A,B,5J,A,1E,A,NOK,USD,A,A,3,C,1998,K,S,A,F,1053.094728
dataflow,BIS:BIS_DER(1.0),A,U,A,B,5J,A,1E,A,NOK,USD,A,A,3,C,1999,K,S,M,F,
dataflow,BIS:BIS_DER(1.0),A,U,A,B,5J,A,1E,A,NOK,USD,A,A,3,C,2000,K,S,M,F,
dataflow,BIS:BIS_DER(1.0),A,U,A,B,5J,A,1E,A,NOK,USD,A,A,3,C,2001,K,S,A,F,1493.944438
dataflow,BIS:BIS_DER(1.0),A,U,A,B,5J,A,1E,A,NOK,USD,A,A,3,C,2002,K,S,M,F,
dataflow,BIS:BIS_DER(1.0),A,U,A,B,5J,A,1E,A,NOK,USD,A,A,3,C,2003,K,S,M,F,
dataflow,BIS:BIS_DER(1.0),A,U,A,B,5J,A,1E,A,NOK,USD,A,A,3,C,2004,K,S,A,F,857.008357
dataflow,BIS:BIS_DER(1.0),A,U,A,B,5J,A,1E,A,NOK,USD,A,A,3,C,2005,K,S,M,F,
dataflow,BIS:BIS_DER(1.0),A,U,A,B,5J,A,1E,A,NOK,USD,A,A,3,C,2006,K,S,M,F,
dataflow,BIS:BIS_DER(1.0),A,U,A,B,5J,A,1E,A,NOK,USD,A,A,3,C,2007,K,S,A,F,2477.333327
dataflow,BIS:BIS_DER(1.0),A,U,A,B,5J,A,1E,A,NOK,USD,A,A,3,C,2008,K,S,M,F,
dataflow,BIS:BIS_DER(1.0),A,U,A,B,5J,A,1E,A,NOK,USD,A,A,3,C,2009,K,S,M,F,
dataflow,BIS:BIS_DER(1.0),A,U,A,B,5J,A,1E,A,NOK,USD,A,A,3,C,2010,K,S,A,F,2062.078939
dataflow,BIS:BIS_DER(1.0),A,U,A,B,5J,A,1E,A,NOK,USD,A,A,3,C,2011,K,S,M,F,
dataflow,BIS:BIS_DER(1.0),A,U,A,B,5J,A,1E,A,NOK,USD,A,A,3,C,2012,K,S,M,F,
dataflow,BIS:BIS_DER(1.0),A,U,A,B,5J,A,1E,A,NOK,USD,A,A,3,C,2013,K,S,A,F,16020.208067
dataflow,BIS:BIS_DER(1.0),A,U,A,B,5J,A,1E,A,NOK,USD,A,A,3,C,2014,K,S,M,F,
dataflow,BIS:BIS_DER(1.0),A,U,A,B,5J,A,1E,A,NOK,USD,A,A,3,C,2015,K,S,M,F,
dataflow,BIS:BIS_DER(1.0),A,U,A,B,5J,A,1E,A,NOK,USD,A,A,3,C,2016,K,S,A,F,13935.025367
dataflow,BIS:BIS_DER(1.0),A,U,A,B,5J,A,1E,A,NOK,USD,A,A,3,C,2017,K,S,M,F,
dataflow,BIS:BIS_DER(1.0),A,U,A,B,5J,A,1E,A,NOK,USD,A,A,3,C,2018,K,S,M,F,
dataflow,BIS:BIS_DER(1.0),A,U,A,B,5J,A,1E,A,NOK,USD,A,A,3,C,2019,K,S,A,F,33595.902034
dataflow,BIS:BIS_DER(1.0),A,U,A,B,5J,A,1E,A,NZD,JPY,A,A,3,C,1992,K,S,A,F,14.4464
dataflow,BIS:BIS_DER(1.0),A,U,A,B,5J,A,1E,A,NZD,JPY,A,A,3,C,1993,K,S,M,F,
dataflow,BIS:BIS_DER(1.0),A,U,A,B,5J,A,1E,A,NZD,JPY,A,A,3,C,1994,K,S,M,F,
dataflow,BIS:BIS_DER(1.0),A,U,A,B,5J,A,1E,A,NZD,JPY,A,A,3,C,1995,K,S,A,F,38.499994
dataflow,BIS:BIS_DER(1.0),A,U,A,B,5J,A,1E,A,NZD,JPY,A,A,3,C,1996,K,S,M,F,
dataflow,BIS:BIS_DER(1.0),A,U,A,B,5J,A,1E,A,NZD,JPY,A,A,3,C,1997,K,S,M,F,
dataflow,BIS:BIS_DER(1.0),A,U,A,B,5J,A,1E,A,NZD,JPY,A,A,3,C,1998,K,S,A,F,21.35
dataflow,BIS:BIS_DER(1.0),A,U,A,B,5J,A,1E,A,NZD,JPY,A,A,3,C,1999,K,S,M,F,
dataflow,BIS:BIS_DER(1.0),A,U,A,B,5J,A,1E,A,NZD,JPY,A,A,3,C,2000,K,S,M,F,
dataflow,BIS:BIS_DER(1.0),A,U,A,B,5J,A,1E,A,NZD,JPY,A,A,3,C,2001,K,S,A,F,41.388886
dataflow,BIS:BIS_DER(1.0),A,U,A,B,5J,A,1E,A,NZD,JPY,A,A,3,C,2002,K,S,M,F,
dataflow,BIS:BIS_DER(1.0),A,U,A,B,5J,A,1E,A,NZD,JPY,A,A,3,C,2003,K,S,M,F,
dataflow,BIS:BIS_DER(1.0),A,U,A,B,5J,A,1E,A,NZD,JPY,A,A,3,C,2004,K,S,A,F,19.830853
dataflow,BIS:BIS_DER(1.0),A,U,A,B,5J,A,1E,A,NZD,JPY,A,A,3,C,2005,K,S,M,F,
dataflow,BIS:BIS_DER(1.0),A,U,A,B,5J,A,1E,A,NZD,JPY,A,A,3,C,2006,K,S,M,F,
dataflow,BIS:BIS_DER(1.0),A,U,A,B,5J,A,1E,A,NZD,JPY,A,A,3,C,2007,K,S,A,F,56.802212
dataflow,BIS:BIS_DER(1.0),A,U,A,B,5J,A,1E,A,NZD,JPY,A,A,3,C,2008,K,S,M,F,
dataflow,BIS:BIS_DER(1.0),A,U,A,B,5J,A,1E,A,NZD,JPY,A,A,3,C,2009,K,S,M,F,
dataflow,BIS:BIS_DER(1.0),A,U,A,B,5J,A,1E,A,NZD,JPY,A,A,3,C,2010,K,S,A,F,1649.916036
dataflow,BIS:BIS_DER(1.0),A,U,A,B,5J,A,1E,A,NZD,JPY,A,A,3,C,2011,K,S,M,F,
dataflow,BIS:BIS_DER(1.0),A,U,A,B,5J,A,1E,A,NZD,JPY,A,A,3,C,2012,K,S,M,F,
dataflow,BIS:BIS_DER(1.0),A,U,A,B,5J,A,1E,A,NZD,JPY,A,A,3,C,2013,K,S,A,F,2333.558413
dataflow,BIS:BIS_DER(1.0),A,U,A,B,5J,A,1E,A,NZD,JPY,A,A,3,C,2014,K,S,M,F,
dataflow,BIS:BIS_DER(1.0),A,U,A,B,5J,A,1E,A,NZD,JPY,A,A,3,C,2015,K,S,M,F,
dataflow,BIS:BIS_DER(1.0),A,U,A,B,5J,A,1E,A,NZD,JPY,A,A,3,C,2016,K,S,A,F,2496.013056
dataflow,BIS:BIS_DER(1.0),A,U,A,B,5J,A,1E,A,NZD,JPY,A,A,3,C,2017,K,S,M,F,
dataflow,BIS:BIS_DER(1.0),A,U,A,B,5J,A,1E,A,NZD,JPY,A,A,3,C,2018,K,S,M,F,
dataflow,BIS:BIS_DER(1.0),A,U,A,B,5J,A,1E,A,NZD,JPY,A,A,3,C,2019,K,S,A,F,3399.711794
dataflow,BIS:BIS_DER(1.0),A,U,A,B,5J,A,1E,A,NZD,TO1,A,A,3,C,1992,K,S,A,F,914.092525
dataflow,BIS:BIS_DER(1.0),A,U,A,B,5J,A,1E,A,NZD,TO1,A,A,3,C,1993,K,S,M,F,
dataflow,BIS:BIS_DER(1.0),A,U,A,B,5J,A,1E,A,NZD,TO1,A,A,3,C,1994,K,S,M,F,
dataflow,BIS:BIS_DER(1.0),A,U,A,B,5J,A,1E,A,NZD,TO1,A,A,3,C,1995,K,S,A,F,1506.977727
dataflow,BIS:BIS_DER(1.0),A,U,A,B,5J,A,1E,A,NZD,TO1,A,A,3,C,1996,K,S,M,F,
dataflow,BIS:BIS_DER(1.0),A,U,A,B,5J,A,1E,A,NZD,TO1,A,A,3,C,1997,K,S,M,F,
dataflow,BIS:BIS_DER(1.0),A,U,A,B,5J,A,1E,A,NZD,TO1,A,A,3,C,1998,K,S,A,F,1274.825
dataflow,BIS:BIS_DER(1.0),A,U,A,B,5J,A,1E,A,NZD,TO1,A,A,3,C,1999,K,S,M,F,
dataflow,BIS:BIS_DER(1.0),A,U,A,B,5J,A,1E,A,NZD,TO1,A,A,3,C,2000,K,S,M,F,
dataflow,BIS:BIS_DER(1.0),A,U,A,B,5J,A,1E,A,NZD,TO1,A,A,3,C,2001,K,S,A,F,1911.647734
dataflow,BIS:BIS_DER(1.0),A,U,A,B,5J,A,1E,A,NZD,TO1,A,A,3,C,2002,K,S,M,F,
dataflow,BIS:BIS_DER(1.0),A,U,A,B,5J,A,1E,A,NZD,TO1,A,A,3,C,2003,K,S,M,F,
dataflow,BIS:BIS_DER(1.0),A,U,A,B,5J,A,1E,A,NZD,TO1,A,A,3,C,2004,K,S,A,F,8564.265916
dataflow,BIS:BIS_DER(1.0),A,U,A,B,5J,A,1E,A,NZD,TO1,A,A,3,C,2005,K,S,M,F,
dataflow,BIS:BIS_DER(1.0),A,U,A,B,5J,A,1E,A,NZD,TO1,A,A,3,C,2006,K,S,M,F,
dataflow,BIS:BIS_DER(1.0),A,U,A,B,5J,A,1E,A,NZD,TO1,A,A,3,C,2007,K,S,A,F,22861.596692
dataflow,BIS:BIS_DER(1.0),A,U,A,B,5J,A,1E,A,NZD,TO1,A,A,3,C,2008,K,S,M,F,
dataflow,BIS:BIS_DER(1.0),A,U,A,B,5J,A,1E,A,NZD,TO1,A,A,3,C,2009,K,S,M,F,
dataflow,BIS:BIS_DER(1.0),A,U,A,B,5J,A,1E,A,NZD,TO1,A,A,3,C,2010,K,S,A,F,20074.283909
dataflow,BIS:BIS_DER(1.0),A,U,A,B,5J,A,1E,A,NZD,TO1,A,A,3,C,2011,K,S,M,F,
dataflow,BIS:BIS_DER(1.0),A,U,A,B,5J,A,1E,A,NZD,TO1,A,A,3,C,2012,K,S,M,F,
dataflow,BIS:BIS_DER(1.0),A,U,A,B,5J,A,1E,A,NZD,TO1,A,A,3,C,2013,K,S,A,F,39660.724386
dataflow,BIS:BIS_DER(1.0),A,U,A,B,5J,A,1E,A,NZD,TO1,A,A,3,C,2014,K,S,M,F,
dataflow,BIS:BIS_DER(1.0),A,U,A,B,5J,A,1E,A,NZD,TO1,A,A,3,C,2015,K,S,M,F,
dataflow,BIS:BIS_DER(1.0),A,U,A,B,5J,A,1E,A,NZD,TO1,A,A,3,C,2016,K,S,A,F,32000.324745
dataflow,BIS:BIS_DER(1.0),A,U,A,B,5J,A,1E,A,NZD,TO1,A,A,3,C,2017,K,S,M,F,
dataflow,BIS:BIS_DER(1.0),A,U,A,B,5J,A,1E,A,NZD,TO1,A,A,3,C,2018,K,S,M,F,
dataflow,BIS:BIS_DER(1.0),A,U,A,B,5J,A,1E,A,NZD,TO1,A,A,3,C,2019,K,S,A,F,58707.699242
dataflow,BIS:BIS_DER(1.0),A,U,A,B,5J,A,1E,A,NZD,USD,A,A,3,C,1992,K,S,A,F,811.457175
dataflow,BIS:BIS_DER(1.0),A,U,A,B,5J,A,1E,A,NZD,USD,A,A,3,C,1993,K,S,M,F,
dataflow,BIS:BIS_DER(1.0),A,U,A,B,5J,A,1E,A,NZD,USD,A,A,3,C,1994,K,S,M,F,
dataflow,BIS:BIS_DER(1.0),A,U,A,B,5J,A,1E,A,NZD,USD,A,A,3,C,1995,K,S,A,F,1256.149992
dataflow,BIS:BIS_DER(1.0),A,U,A,B,5J,A,1E,A,NZD,USD,A,A,3,C,1996,K,S,M,F,
dataflow,BIS:BIS_DER(1.0),A,U,A,B,5J,A,1E,A,NZD,USD,A,A,3,C,1997,K,S,M,F,
dataflow,BIS:BIS_DER(1.0),A,U,A,B,5J,A,1E,A,NZD,USD,A,A,3,C,1998,K,S,A,F,1081.175
dataflow,BIS:BIS_DER(1.0),A,U,A,B,5J,A,1E,A,NZD,USD,A,A,3,C,1999,K,S,M,F,
dataflow,BIS:BIS_DER(1.0),A,U,A,B,5J,A,1E,A,NZD,USD,A,A,3,C,2000,K,S,M,F,
dataflow,BIS:BIS_DER(1.0),A,U,A,B,5J,A,1E,A,NZD,USD,A,A,3,C,2001,K,S,A,F,627.333328
dataflow,BIS:BIS_DER(1.0),A,U,A,B,5J,A,1E,A,NZD,USD,A,A,3,C,2002,K,S,M,F,
dataflow,BIS:BIS_DER(1.0),A,U,A,B,5J,A,1E,A,NZD,USD,A,A,3,C,2003,K,S,M,F,
dataflow,BIS:BIS_DER(1.0),A,U,A,B,5J,A,1E,A,NZD,USD,A,A,3,C,2004,K,S,A,F,1033.349959
dataflow,BIS:BIS_DER(1.0),A,U,A,B,5J,A,1E,A,NZD,USD,A,A,3,C,2005,K,S,M,F,
dataflow,BIS:BIS_DER(1.0),A,U,A,B,5J,A,1E,A,NZD,USD,A,A,3,C,2006,K,S,M,F,
dataflow,BIS:BIS_DER(1.0),A,U,A,B,5J,A,1E,A,NZD,USD,A,A,3,C,2007,K,S,A,F,1486.592232
dataflow,BIS:BIS_DER(1.0),A,U,A,B,5J,A,1E,A,NZD,USD,A,A,3,C,2008,K,S,M,F,
dataflow,BIS:BIS_DER(1.0),A,U,A,B,5J,A,1E,A,NZD,USD,A,A,3,C,2009,K,S,M,F,
dataflow,BIS:BIS_DER(1.0),A,U,A,B,5J,A,1E,A,NZD,USD,A,A,3,C,2010,K,S,A,F,1366.711742
dataflow,BIS:BIS_DER(1.0),A,U,A,B,5J,A,1E,A,NZD,USD,A,A,3,C,2011,K,S,M,F,
dataflow,BIS:BIS_DER(1.0),A,U,A,B,5J,A,1E,A,NZD,USD,A,A,3,C,2012,K,S,M,F,
dataflow,BIS:BIS_DER(1.0),A,U,A,B,5J,A,1E,A,NZD,USD,A,A,3,C,2013,K,S,A,F,29348.087392
dataflow,BIS:BIS_DER(1.0),A,U,A,B,5J,A,1E,A,NZD,USD,A,A,3,C,2014,K,S,M,F,
dataflow,BIS:BIS_DER(1.0),A,U,A,B,5J,A,1E,A,NZD,USD,A,A,3,C,2015,K,S,M,F,
dataflow,BIS:BIS_DER(1.0),A,U,A,B,5J,A,1E,A,NZD,USD,A,A,3,C,2016,K,S,A,F,22057.257626
dataflow,BIS:BIS_DER(1.0),A,U,A,B,5J,A,1E,A,NZD,USD,A,A,3,C,2017,K,S,M,F,
dataflow,BIS:BIS_DER(1.0),A,U,A,B,5J,A,1E,A,NZD,USD,A,A,3,C,2018,K,S,M,F,
dataflow,BIS:BIS_DER(1.0),A,U,A,B,5J,A,1E,A,NZD,USD,A,A,3,C,2019,K,S,A,F,45011.535676
dataflow,BIS:BIS_DER(1.0),A,U,A,B,5J,A,1E,A,PLN,EUR,A,A,3,C,2001,K,S,A,F,109.65
dataflow,BIS:BIS_DER(1.0),A,U,A,B,5J,A,1E,A,PLN,EUR,A,A,3,C,2002,K,S,M,F,
dataflow,BIS:BIS_DER(1.0),A,U,A,B,5J,A,1E,A,PLN,EUR,A,A,3,C,2003,K,S,M,F,
dataflow,BIS:BIS_DER(1.0),A,U,A,B,5J,A,1E,A,PLN,EUR,A,A,3,C,2004,K,S,A,F,407.857136
dataflow,BIS:BIS_DER(1.0),A,U,A,B,5J,A,1E,A,PLN,EUR,A,A,3,C,2005,K,S,M,F,
dataflow,BIS:BIS_DER(1.0),A,U,A,B,5J,A,1E,A,PLN,EUR,A,A,3,C,2006,K,S,M,F,
dataflow,BIS:BIS_DER(1.0),A,U,A,B,5J,A,1E,A,PLN,EUR,A,A,3,C,2007,K,S,A,F,989.55
dataflow,BIS:BIS_DER(1.0),A,U,A,B,5J,A,1E,A,PLN,EUR,A,A,3,C,2008,K,S,M,F,
dataflow,BIS:BIS_DER(1.0),A,U,A,B,5J,A,1E,A,PLN,EUR,A,A,3,C,2009,K,S,M,F,
dataflow,BIS:BIS_DER(1.0),A,U,A,B,5J,A,1E,A,PLN,EUR,A,A,3,C,2010,K,S,A,F,1173.261899
dataflow,BIS:BIS_DER(1.0),A,U,A,B,5J,A,1E,A,PLN,EUR,A,A,3,C,2011,K,S,M,F,
dataflow,BIS:BIS_DER(1.0),A,U,A,B,5J,A,1E,A,PLN,EUR,A,A,3,C,2012,K,S,M,F,
dataflow,BIS:BIS_DER(1.0),A,U,A,B,5J,A,1E,A,PLN,EUR,A,A,3,C,2013,K,S,A,F,6535.787741
dataflow,BIS:BIS_DER(1.0),A,U,A,B,5J,A,1E,A,PLN,EUR,A,A,3,C,2014,K,S,M,F,
dataflow,BIS:BIS_DER(1.0),A,U,A,B,5J,A,1E,A,PLN,EUR,A,A,3,C,2015,K,S,M,F,
dataflow,BIS:BIS_DER(1.0),A,U,A,B,5J,A,1E,A,PLN,EUR,A,A,3,C,2016,K,S,A,F,5299.267102
dataflow,BIS:BIS_DER(1.0),A,U,A,B,5J,A,1E,A,PLN,EUR,A,A,3,C,2017,K,S,M,F,
dataflow,BIS:BIS_DER(1.0),A,U,A,B,5J,A,1E,A,PLN,EUR,A,A,3,C,2018,K,S,M,F,
dataflow,BIS:BIS_DER(1.0),A,U,A,B,5J,A,1E,A,PLN,EUR,A,A,3,C,2019,K,S,A,F,6692.634329
dataflow,BIS:BIS_DER(1.0),A,U,A,B,5J,A,1E,A,PLN,TO1,A,A,3,C,1998,K,S,A,F,504.190476
dataflow,BIS:BIS_DER(1.0),A,U,A,B,5J,A,1E,A,PLN,TO1,A,A,3,C,1999,K,S,M,F,
dataflow,BIS:BIS_DER(1.0),A,U,A,B,5J,A,1E,A,PLN,TO1,A,A,3,C,2000,K,S,M,F,
dataflow,BIS:BIS_DER(1.0),A,U,A,B,5J,A,1E,A,PLN,TO1,A,A,3,C,2001,K,S,A,F,1326.524844
dataflow,BIS:BIS_DER(1.0),A,U,A,B,5J,A,1E,A,PLN,TO1,A,A,3,C,2002,K,S,M,F,
dataflow,BIS:BIS_DER(1.0),A,U,A,B,5J,A,1E,A,PLN,TO1,A,A,3,C,2003,K,S,M,F,
dataflow,BIS:BIS_DER(1.0),A,U,A,B,5J,A,1E,A,PLN,TO1,A,A,3,C,2004,K,S,A,F,1864.917724
dataflow,BIS:BIS_DER(1.0),A,U,A,B,5J,A,1E,A,PLN,TO1,A,A,3,C,2005,K,S,M,F,
dataflow,BIS:BIS_DER(1.0),A,U,A,B,5J,A,1E,A,PLN,TO1,A,A,3,C,2006,K,S,M,F,
dataflow,BIS:BIS_DER(1.0),A,U,A,B,5J,A,1E,A,PLN,TO1,A,A,3,C,2007,K,S,A,F,10509.19425
dataflow,BIS:BIS_DER(1.0),A,U,A,B,5J,A,1E,A,PLN,TO1,A,A,3,C,2008,K,S,M,F,
dataflow,BIS:BIS_DER(1.0),A,U,A,B,5J,A,1E,A,PLN,TO1,A,A,3,C,2009,K,S,M,F,
dataflow,BIS:BIS_DER(1.0),A,U,A,B,5J,A,1E,A,PLN,TO1,A,A,3,C,2010,K,S,A,F,9366.381226
dataflow,BIS:BIS_DER(1.0),A,U,A,B,5J,A,1E,A,PLN,TO1,A,A,3,C,2011,K,S,M,F,
dataflow,BIS:BIS_DER(1.0),A,U,A,B,5J,A,1E,A,PLN,TO1,A,A,3,C,2012,K,S,M,F,
dataflow,BIS:BIS_DER(1.0),A,U,A,B,5J,A,1E,A,PLN,TO1,A,A,3,C,2013,K,S,A,F,16201.868984
dataflow,BIS:BIS_DER(1.0),A,U,A,B,5J,A,1E,A,PLN,TO1,A,A,3,C,2014,K,S,M,F,
dataflow,BIS:BIS_DER(1.0),A,U,A,B,5J,A,1E,A,PLN,TO1,A,A,3,C,2015,K,S,M,F,
dataflow,BIS:BIS_DER(1.0),A,U,A,B,5J,A,1E,A,PLN,TO1,A,A,3,C,2016,K,S,A,F,12704.507176
dataflow,BIS:BIS_DER(1.0),A,U,A,B,5J,A,1E,A,PLN,TO1,A,A,3,C,2017,K,S,M,F,
dataflow,BIS:BIS_DER(1.0),A,U,A,B,5J,A,1E,A,PLN,TO1,A,A,3,C,2018,K,S,M,F,
dataflow,BIS:BIS_DER(1.0),A,U,A,B,5J,A,1E,A,PLN,TO1,A,A,3,C,2019,K,S,A,F,17519.484617
dataflow,BIS:BIS_DER(1.0),A,U,A,B,5J,A,1E,A,PLN,USD,A,A,3,C,1998,K,S,A,F,324.357142
dataflow,BIS:BIS_DER(1.0),A,U,A,B,5J,A,1E,A,PLN,USD,A,A,3,C,1999,K,S,M,F,
dataflow,BIS:BIS_DER(1.0),A,U,A,B,5J,A,1E,A,PLN,USD,A,A,3,C,2000,K,S,M,F,
dataflow,BIS:BIS_DER(1.0),A,U,A,B,5J,A,1E,A,PLN,USD,A,A,3,C,2001,K,S,A,F,803.825
dataflow,BIS:BIS_DER(1.0),A,U,A,B,5J,A,1E,A,PLN,USD,A,A,3,C,2002,K,S,M,F,
dataflow,BIS:BIS_DER(1.0),A,U,A,B,5J,A,1E,A,PLN,USD,A,A,3,C,2003,K,S,M,F,
dataflow,BIS:BIS_DER(1.0),A,U,A,B,5J,A,1E,A,PLN,USD,A,A,3,C,2004,K,S,A,F,792.499994
dataflow,BIS:BIS_DER(1.0),A,U,A,B,5J,A,1E,A,PLN,USD,A,A,3,C,2005,K,S,M,F,
dataflow,BIS:BIS_DER(1.0),A,U,A,B,5J,A,1E,A,PLN,USD,A,A,3,C,2006,K,S,M,F,
dataflow,BIS:BIS_DER(1.0),A,U,A,B,5J,A,1E,A,PLN,USD,A,A,3,C,2007,K,S,A,F,854.375
dataflow,BIS:BIS_DER(1.0),A,U,A,B,5J,A,1E,A,PLN,USD,A,A,3,C,2008,K,S,M,F,
dataflow,BIS:BIS_DER(1.0),A,U,A,B,5J,A,1E,A,PLN,USD,A,A,3,C,2009,K,S,M,F,
dataflow,BIS:BIS_DER(1.0),A,U,A,B,5J,A,1E,A,PLN,USD,A,A,3,C,2010,K,S,A,F,744.857136
dataflow,BIS:BIS_DER(1.0),A,U,A,B,5J,A,1E,A,PLN,USD,A,A,3,C,2011,K,S,M,F,
dataflow,BIS:BIS_DER(1.0),A,U,A,B,5J,A,1E,A,PLN,USD,A,A,3,C,2012,K,S,M,F,
dataflow,BIS:BIS_DER(1.0),A,U,A,B,5J,A,1E,A,PLN,USD,A,A,3,C,2013,K,S,A,F,8982.843939
dataflow,BIS:BIS_DER(1.0),A,U,A,B,5J,A,1E,A,PLN,USD,A,A,3,C,2014,K,S,M,F,
dataflow,BIS:BIS_DER(1.0),A,U,A,B,5J,A,1E,A,PLN,USD,A,A,3,C,2015,K,S,M,F,
dataflow,BIS:BIS_DER(1.0),A,U,A,B,5J,A,1E,A,PLN,USD,A,A,3,C,2016,K,S,A,F,6519.473999
dataflow,BIS:BIS_DER(1.0),A,U,A,B,5J,A,1E,A,PLN,USD,A,A,3,C,2017,K,S,M,F,
dataflow,BIS:BIS_DER(1.0),A,U,A,B,5J,A,1E,A,PLN,USD,A,A,3,C,2018,K,S,M,F,
dataflow,BIS:BIS_DER(1.0),A,U,A,B,5J,A,1E,A,PLN,USD,A,A,3,C,2019,K,S,A,F,9478.464734
dataflow,BIS:BIS_DER(1.0),A,U,A,B,5J,A,1E,A,RUB,TO1,A,A,3,C,1998,K,S,A,F,4293.486356
dataflow,BIS:BIS_DER(1.0),A,U,A,B,5J,A,1E,A,RUB,TO1,A,A,3,C,1999,K,S,M,F,
dataflow,BIS:BIS_DER(1.0),A,U,A,B,5J,A,1E,A,RUB,TO1,A,A,3,C,2000,K,S,M,F,
dataflow,BIS:BIS_DER(1.0),A,U,A,B,5J,A,1E,A,RUB,TO1,A,A,3,C,2001,K,S,A,F,2998.836837
dataflow,BIS:BIS_DER(1.0),A,U,A,B,5J,A,1E,A,RUB,TO1,A,A,3,C,2002,K,S,M,F,
dataflow,BIS:BIS_DER(1.0),A,U,A,B,5J,A,1E,A,RUB,TO1,A,A,3,C,2003,K,S,M,F,
dataflow,BIS:BIS_DER(1.0),A,U,A,B,5J,A,1E,A,RUB,TO1,A,A,3,C,2004,K,S,A,F,7426.432953
dataflow,BIS:BIS_DER(1.0),A,U,A,B,5J,A,1E,A,RUB,TO1,A,A,3,C,2005,K,S,M,F,
dataflow,BIS:BIS_DER(1.0),A,U,A,B,5J,A,1E,A,RUB,TO1,A,A,3,C,2006,K,S,M,F,
dataflow,BIS:BIS_DER(1.0),A,U,A,B,5J,A,1E,A,RUB,TO1,A,A,3,C,2007,K,S,A,F,17592.636529
dataflow,BIS:BIS_DER(1.0),A,U,A,B,5J,A,1E,A,RUB,TO1,A,A,3,C,2008,K,S,M,F,
dataflow,BIS:BIS_DER(1.0),A,U,A,B,5J,A,1E,A,RUB,TO1,A,A,3,C,2009,K,S,M,F,
dataflow,BIS:BIS_DER(1.0),A,U,A,B,5J,A,1E,A,RUB,TO1,A,A,3,C,2010,K,S,A,F,20439.253785
dataflow,BIS:BIS_DER(1.0),A,U,A,B,5J,A,1E,A,RUB,TO1,A,A,3,C,2011,K,S,M,F,
dataflow,BIS:BIS_DER(1.0),A,U,A,B,5J,A,1E,A,RUB,TO1,A,A,3,C,2012,K,S,M,F,
dataflow,BIS:BIS_DER(1.0),A,U,A,B,5J,A,1E,A,RUB,TO1,A,A,3,C,2013,K,S,A,F,40699.061473
dataflow,BIS:BIS_DER(1.0),A,U,A,B,5J,A,1E,A,RUB,TO1,A,A,3,C,2014,K,S,M,F,
dataflow,BIS:BIS_DER(1.0),A,U,A,B,5J,A,1E,A,RUB,TO1,A,A,3,C,2015,K,S,M,F,
dataflow,BIS:BIS_DER(1.0),A,U,A,B,5J,A,1E,A,RUB,TO1,A,A,3,C,2016,K,S,A,F,35786.083858
dataflow,BIS:BIS_DER(1.0),A,U,A,B,5J,A,1E,A,RUB,TO1,A,A,3,C,2017,K,S,M,F,
dataflow,BIS:BIS_DER(1.0),A,U,A,B,5J,A,1E,A,RUB,TO1,A,A,3,C,2018,K,S,M,F,
dataflow,BIS:BIS_DER(1.0),A,U,A,B,5J,A,1E,A,RUB,TO1,A,A,3,C,2019,K,S,A,F,39463.231265
dataflow,BIS:BIS_DER(1.0),A,U,A,B,5J,A,1E,A,RUB,USD,A,A,3,C,1998,K,S,A,F,4257.581811
dataflow,BIS:BIS_DER(1.0),A,U,A,B,5J,A,1E,A,RUB,USD,A,A,3,C,1999,K,S,M,F,
dataflow,BIS:BIS_DER(1.0),A,U,A,B,5J,A,1E,A,RUB,USD,A,A,3,C,2000,K,S,M,F,
dataflow,BIS:BIS_DER(1.0),A,U,A,B,5J,A,1E,A,RUB,USD,A,A,3,C,2001,K,S,A,F,2972.238092
dataflow,BIS:BIS_DER(1.0),A,U,A,B,5J,A,1E,A,RUB,USD,A,A,3,C,2002,K,S,M,F,
dataflow,BIS:BIS_DER(1.0),A,U,A,B,5J,A,1E,A,RUB,USD,A,A,3,C,2003,K,S,M,F,
dataflow,BIS:BIS_DER(1.0),A,U,A,B,5J,A,1E,A,RUB,USD,A,A,3,C,2004,K,S,A,F,7237.09243
dataflow,BIS:BIS_DER(1.0),A,U,A,B,5J,A,1E,A,RUB,USD,A,A,3,C,2005,K,S,M,F,
dataflow,BIS:BIS_DER(1.0),A,U,A,B,5J,A,1E,A,RUB,USD,A,A,3,C,2006,K,S,M,F,
dataflow,BIS:BIS_DER(1.0),A,U,A,B,5J,A,1E,A,RUB,USD,A,A,3,C,2007,K,S,A,F,16376.534146
dataflow,BIS:BIS_DER(1.0),A,U,A,B,5J,A,1E,A,RUB,USD,A,A,3,C,2008,K,S,M,F,
dataflow,BIS:BIS_DER(1.0),A,U,A,B,5J,A,1E,A,RUB,USD,A,A,3,C,2009,K,S,M,F,
dataflow,BIS:BIS_DER(1.0),A,U,A,B,5J,A,1E,A,RUB,USD,A,A,3,C,2010,K,S,A,F,15332.917565
dataflow,BIS:BIS_DER(1.0),A,U,A,B,5J,A,1E,A,RUB,USD,A,A,3,C,2011,K,S,M,F,
dataflow,BIS:BIS_DER(1.0),A,U,A,B,5J,A,1E,A,RUB,USD,A,A,3,C,2012,K,S,M,F,
dataflow,BIS:BIS_DER(1.0),A,U,A,B,5J,A,1E,A,RUB,USD,A,A,3,C,2013,K,S,A,F,37807.652197
dataflow,BIS:BIS_DER(1.0),A,U,A,B,5J,A,1E,A,RUB,USD,A,A,3,C,2014,K,S,M,F,
dataflow,BIS:BIS_DER(1.0),A,U,A,B,5J,A,1E,A,RUB,USD,A,A,3,C,2015,K,S,M,F,
dataflow,BIS:BIS_DER(1.0),A,U,A,B,5J,A,1E,A,RUB,USD,A,A,3,C,2016,K,S,A,F,32700.851718
dataflow,BIS:BIS_DER(1.0),A,U,A,B,5J,A,1E,A,RUB,USD,A,A,3,C,2017,K,S,M,F,
dataflow,BIS:BIS_DER(1.0),A,U,A,B,5J,A,1E,A,RUB,USD,A,A,3,C,2018,K,S,M,F,
dataflow,BIS:BIS_DER(1.0),A,U,A,B,5J,A,1E,A,RUB,USD,A,A,3,C,2019,K,S,A,F,33659.62322
dataflow,BIS:BIS_DER(1.0),A,U,A,B,5J,A,1E,A,SEK,EUR,A,A,3,C,2001,K,S,A,F,1768.947362
dataflow,BIS:BIS_DER(1.0),A,U,A,B,5J,A,1E,A,SEK,EUR,A,A,3,C,2002,K,S,M,F,
dataflow,BIS:BIS_DER(1.0),A,U,A,B,5J,A,1E,A,SEK,EUR,A,A,3,C,2003,K,S,M,F,
dataflow,BIS:BIS_DER(1.0),A,U,A,B,5J,A,1E,A,SEK,EUR,A,A,3,C,2004,K,S,A,F,1868.275
dataflow,BIS:BIS_DER(1.0),A,U,A,B,5J,A,1E,A,SEK,EUR,A,A,3,C,2005,K,S,M,F,
dataflow,BIS:BIS_DER(1.0),A,U,A,B,5J,A,1E,A,SEK,EUR,A,A,3,C,2006,K,S,M,F,
dataflow,BIS:BIS_DER(1.0),A,U,A,B,5J,A,1E,A,SEK,EUR,A,A,3,C,2007,K,S,A,F,10346.731248
dataflow,BIS:BIS_DER(1.0),A,U,A,B,5J,A,1E,A,SEK,EUR,A,A,3,C,2008,K,S,M,F,
dataflow,BIS:BIS_DER(1.0),A,U,A,B,5J,A,1E,A,SEK,EUR,A,A,3,C,2009,K,S,M,F,
dataflow,BIS:BIS_DER(1.0),A,U,A,B,5J,A,1E,A,SEK,EUR,A,A,3,C,2010,K,S,A,F,9559.094164
dataflow,BIS:BIS_DER(1.0),A,U,A,B,5J,A,1E,A,SEK,EUR,A,A,3,C,2011,K,S,M,F,
dataflow,BIS:BIS_DER(1.0),A,U,A,B,5J,A,1E,A,SEK,EUR,A,A,3,C,2012,K,S,M,F,
dataflow,BIS:BIS_DER(1.0),A,U,A,B,5J,A,1E,A,SEK,EUR,A,A,3,C,2013,K,S,A,F,11260.176439
dataflow,BIS:BIS_DER(1.0),A,U,A,B,5J,A,1E,A,SEK,EUR,A,A,3,C,2014,K,S,M,F,
dataflow,BIS:BIS_DER(1.0),A,U,A,B,5J,A,1E,A,SEK,EUR,A,A,3,C,2015,K,S,M,F,
dataflow,BIS:BIS_DER(1.0),A,U,A,B,5J,A,1E,A,SEK,EUR,A,A,3,C,2016,K,S,A,F,14194.443142
dataflow,BIS:BIS_DER(1.0),A,U,A,B,5J,A,1E,A,SEK,EUR,A,A,3,C,2017,K,S,M,F,
dataflow,BIS:BIS_DER(1.0),A,U,A,B,5J,A,1E,A,SEK,EUR,A,A,3,C,2018,K,S,M,F,
dataflow,BIS:BIS_DER(1.0),A,U,A,B,5J,A,1E,A,SEK,EUR,A,A,3,C,2019,K,S,A,F,17332.494016
dataflow,BIS:BIS_DER(1.0),A,U,A,B,5J,A,1E,A,SEK,TO1,A,A,3,C,1992,K,S,A,F,5843.371044
dataflow,BIS:BIS_DER(1.0),A,U,A,B,5J,A,1E,A,SEK,TO1,A,A,3,C,1993,K,S,M,F,
dataflow,BIS:BIS_DER(1.0),A,U,A,B,5J,A,1E,A,SEK,TO1,A,A,3,C,1994,K,S,M,F,
dataflow,BIS:BIS_DER(1.0),A,U,A,B,5J,A,1E,A,SEK,TO1,A,A,3,C,1995,K,S,A,F,3773.499993
dataflow,BIS:BIS_DER(1.0),A,U,A,B,5J,A,1E,A,SEK,TO1,A,A,3,C,1996,K,S,M,F,
dataflow,BIS:BIS_DER(1.0),A,U,A,B,5J,A,1E,A,SEK,TO1,A,A,3,C,1997,K,S,M,F,
dataflow,BIS:BIS_DER(1.0),A,U,A,B,5J,A,1E,A,SEK,TO1,A,A,3,C,1998,K,S,A,F,3184.925
dataflow,BIS:BIS_DER(1.0),A,U,A,B,5J,A,1E,A,SEK,TO1,A,A,3,C,1999,K,S,M,F,
dataflow,BIS:BIS_DER(1.0),A,U,A,B,5J,A,1E,A,SEK,TO1,A,A,3,C,2000,K,S,M,F,
dataflow,BIS:BIS_DER(1.0),A,U,A,B,5J,A,1E,A,SEK,TO1,A,A,3,C,2001,K,S,A,F,12221.9011
dataflow,BIS:BIS_DER(1.0),A,U,A,B,5J,A,1E,A,SEK,TO1,A,A,3,C,2002,K,S,M,F,
dataflow,BIS:BIS_DER(1.0),A,U,A,B,5J,A,1E,A,SEK,TO1,A,A,3,C,2003,K,S,M,F,
dataflow,BIS:BIS_DER(1.0),A,U,A,B,5J,A,1E,A,SEK,TO1,A,A,3,C,2004,K,S,A,F,15449.472647
dataflow,BIS:BIS_DER(1.0),A,U,A,B,5J,A,1E,A,SEK,TO1,A,A,3,C,2005,K,S,M,F,
dataflow,BIS:BIS_DER(1.0),A,U,A,B,5J,A,1E,A,SEK,TO1,A,A,3,C,2006,K,S,M,F,
dataflow,BIS:BIS_DER(1.0),A,U,A,B,5J,A,1E,A,SEK,TO1,A,A,3,C,2007,K,S,A,F,33068.977952
dataflow,BIS:BIS_DER(1.0),A,U,A,B,5J,A,1E,A,SEK,TO1,A,A,3,C,2008,K,S,M,F,
dataflow,BIS:BIS_DER(1.0),A,U,A,B,5J,A,1E,A,SEK,TO1,A,A,3,C,2009,K,S,M,F,
dataflow,BIS:BIS_DER(1.0),A,U,A,B,5J,A,1E,A,SEK,TO1,A,A,3,C,2010,K,S,A,F,23861.232362
dataflow,BIS:BIS_DER(1.0),A,U,A,B,5J,A,1E,A,SEK,TO1,A,A,3,C,2011,K,S,M,F,
dataflow,BIS:BIS_DER(1.0),A,U,A,B,5J,A,1E,A,SEK,TO1,A,A,3,C,2012,K,S,M,F,
dataflow,BIS:BIS_DER(1.0),A,U,A,B,5J,A,1E,A,SEK,TO1,A,A,3,C,2013,K,S,A,F,35317.090002
dataflow,BIS:BIS_DER(1.0),A,U,A,B,5J,A,1E,A,SEK,TO1,A,A,3,C,2014,K,S,M,F,
dataflow,BIS:BIS_DER(1.0),A,U,A,B,5J,A,1E,A,SEK,TO1,A,A,3,C,2015,K,S,M,F,
dataflow,BIS:BIS_DER(1.0),A,U,A,B,5J,A,1E,A,SEK,TO1,A,A,3,C,2016,K,S,A,F,35765.688343
dataflow,BIS:BIS_DER(1.0),A,U,A,B,5J,A,1E,A,SEK,TO1,A,A,3,C,2017,K,S,M,F,
dataflow,BIS:BIS_DER(1.0),A,U,A,B,5J,A,1E,A,SEK,TO1,A,A,3,C,2018,K,S,M,F,
dataflow,BIS:BIS_DER(1.0),A,U,A,B,5J,A,1E,A,SEK,TO1,A,A,3,C,2019,K,S,A,F,57806.898599
dataflow,BIS:BIS_DER(1.0),A,U,A,B,5J,A,1E,A,SEK,USD,A,A,3,C,1992,K,S,A,F,2800.755261
dataflow,BIS:BIS_DER(1.0),A,U,A,B,5J,A,1E,A,SEK,USD,A,A,3,C,1993,K,S,M,F,
dataflow,BIS:BIS_DER(1.0),A,U,A,B,5J,A,1E,A,SEK,USD,A,A,3,C,1994,K,S,M,F,
dataflow,BIS:BIS_DER(1.0),A,U,A,B,5J,A,1E,A,SEK,USD,A,A,3,C,1995,K,S,A,F,1589.805549
dataflow,BIS:BIS_DER(1.0),A,U,A,B,5J,A,1E,A,SEK,USD,A,A,3,C,1996,K,S,M,F,
dataflow,BIS:BIS_DER(1.0),A,U,A,B,5J,A,1E,A,SEK,USD,A,A,3,C,1997,K,S,M,F,
dataflow,BIS:BIS_DER(1.0),A,U,A,B,5J,A,1E,A,SEK,USD,A,A,3,C,1998,K,S,A,F,1841.975
dataflow,BIS:BIS_DER(1.0),A,U,A,B,5J,A,1E,A,SEK,USD,A,A,3,C,1999,K,S,M,F,
dataflow,BIS:BIS_DER(1.0),A,U,A,B,5J,A,1E,A,SEK,USD,A,A,3,C,2000,K,S,M,F,
dataflow,BIS:BIS_DER(1.0),A,U,A,B,5J,A,1E,A,SEK,USD,A,A,3,C,2001,K,S,A,F,2696.631574
dataflow,BIS:BIS_DER(1.0),A,U,A,B,5J,A,1E,A,SEK,USD,A,A,3,C,2002,K,S,M,F,
dataflow,BIS:BIS_DER(1.0),A,U,A,B,5J,A,1E,A,SEK,USD,A,A,3,C,2003,K,S,M,F,
dataflow,BIS:BIS_DER(1.0),A,U,A,B,5J,A,1E,A,SEK,USD,A,A,3,C,2004,K,S,A,F,3036.85
dataflow,BIS:BIS_DER(1.0),A,U,A,B,5J,A,1E,A,SEK,USD,A,A,3,C,2005,K,S,M,F,
dataflow,BIS:BIS_DER(1.0),A,U,A,B,5J,A,1E,A,SEK,USD,A,A,3,C,2006,K,S,M,F,
dataflow,BIS:BIS_DER(1.0),A,U,A,B,5J,A,1E,A,SEK,USD,A,A,3,C,2007,K,S,A,F,18481.682573
dataflow,BIS:BIS_DER(1.0),A,U,A,B,5J,A,1E,A,SEK,USD,A,A,3,C,2008,K,S,M,F,
dataflow,BIS:BIS_DER(1.0),A,U,A,B,5J,A,1E,A,SEK,USD,A,A,3,C,2009,K,S,M,F,
dataflow,BIS:BIS_DER(1.0),A,U,A,B,5J,A,1E,A,SEK,USD,A,A,3,C,2010,K,S,A,F,11134.488063
dataflow,BIS:BIS_DER(1.0),A,U,A,B,5J,A,1E,A,SEK,USD,A,A,3,C,2011,K,S,M,F,
dataflow,BIS:BIS_DER(1.0),A,U,A,B,5J,A,1E,A,SEK,USD,A,A,3,C,2012,K,S,M,F,
dataflow,BIS:BIS_DER(1.0),A,U,A,B,5J,A,1E,A,SEK,USD,A,A,3,C,2013,K,S,A,F,19217.132449
dataflow,BIS:BIS_DER(1.0),A,U,A,B,5J,A,1E,A,SEK,USD,A,A,3,C,2014,K,S,M,F,
dataflow,BIS:BIS_DER(1.0),A,U,A,B,5J,A,1E,A,SEK,USD,A,A,3,C,2015,K,S,M,F,
dataflow,BIS:BIS_DER(1.0),A,U,A,B,5J,A,1E,A,SEK,USD,A,A,3,C,2016,K,S,A,F,16442.307982
dataflow,BIS:BIS_DER(1.0),A,U,A,B,5J,A,1E,A,SEK,USD,A,A,3,C,2017,K,S,M,F,
dataflow,BIS:BIS_DER(1.0),A,U,A,B,5J,A,1E,A,SEK,USD,A,A,3,C,2018,K,S,M,F,
dataflow,BIS:BIS_DER(1.0),A,U,A,B,5J,A,1E,A,SEK,USD,A,A,3,C,2019,K,S,A,F,33771.632674
dataflow,BIS:BIS_DER(1.0),A,U,A,B,5J,A,1E,A,SGD,TO1,A,A,3,C,1992,K,S,A,F,1854.1
dataflow,BIS:BIS_DER(1.0),A,U,A,B,5J,A,1E,A,SGD,TO1,A,A,3,C,1993,K,S,M,F,
dataflow,BIS:BIS_DER(1.0),A,U,A,B,5J,A,1E,A,SGD,TO1,A,A,3,C,1994,K,S,M,F,
dataflow,BIS:BIS_DER(1.0),A,U,A,B,5J,A,1E,A,SGD,TO1,A,A,3,C,1995,K,S,A,F,4540.315783
dataflow,BIS:BIS_DER(1.0),A,U,A,B,5J,A,1E,A,SGD,TO1,A,A,3,C,1996,K,S,M,F,
dataflow,BIS:BIS_DER(1.0),A,U,A,B,5J,A,1E,A,SGD,TO1,A,A,3,C,1997,K,S,M,F,
dataflow,BIS:BIS_DER(1.0),A,U,A,B,5J,A,1E,A,SGD,TO1,A,A,3,C,1998,K,S,A,F,15819.775
dataflow,BIS:BIS_DER(1.0),A,U,A,B,5J,A,1E,A,SGD,TO1,A,A,3,C,1999,K,S,M,F,
dataflow,BIS:BIS_DER(1.0),A,U,A,B,5J,A,1E,A,SGD,TO1,A,A,3,C,2000,K,S,M,F,
dataflow,BIS:BIS_DER(1.0),A,U,A,B,5J,A,1E,A,SGD,TO1,A,A,3,C,2001,K,S,A,F,8782.324368
dataflow,BIS:BIS_DER(1.0),A,U,A,B,5J,A,1E,A,SGD,TO1,A,A,3,C,2002,K,S,M,F,
dataflow,BIS:BIS_DER(1.0),A,U,A,B,5J,A,1E,A,SGD,TO1,A,A,3,C,2003,K,S,M,F,
dataflow,BIS:BIS_DER(1.0),A,U,A,B,5J,A,1E,A,SGD,TO1,A,A,3,C,2004,K,S,A,F,6995.18181
dataflow,BIS:BIS_DER(1.0),A,U,A,B,5J,A,1E,A,SGD,TO1,A,A,3,C,2005,K,S,M,F,
dataflow,BIS:BIS_DER(1.0),A,U,A,B,5J,A,1E,A,SGD,TO1,A,A,3,C,2006,K,S,M,F,
dataflow,BIS:BIS_DER(1.0),A,U,A,B,5J,A,1E,A,SGD,TO1,A,A,3,C,2007,K,S,A,F,15542.920284
dataflow,BIS:BIS_DER(1.0),A,U,A,B,5J,A,1E,A,SGD,TO1,A,A,3,C,2008,K,S,M,F,
dataflow,BIS:BIS_DER(1.0),A,U,A,B,5J,A,1E,A,SGD,TO1,A,A,3,C,2009,K,S,M,F,
dataflow,BIS:BIS_DER(1.0),A,U,A,B,5J,A,1E,A,SGD,TO1,A,A,3,C,2010,K,S,A,F,19912.362644
dataflow,BIS:BIS_DER(1.0),A,U,A,B,5J,A,1E,A,SGD,TO1,A,A,3,C,2011,K,S,M,F,
dataflow,BIS:BIS_DER(1.0),A,U,A,B,5J,A,1E,A,SGD,TO1,A,A,3,C,2012,K,S,M,F,
dataflow,BIS:BIS_DER(1.0),A,U,A,B,5J,A,1E,A,SGD,TO1,A,A,3,C,2013,K,S,A,F,28815.799005
dataflow,BIS:BIS_DER(1.0),A,U,A,B,5J,A,1E,A,SGD,TO1,A,A,3,C,2014,K,S,M,F,
dataflow,BIS:BIS_DER(1.0),A,U,A,B,5J,A,1E,A,SGD,TO1,A,A,3,C,2015,K,S,M,F,
dataflow,BIS:BIS_DER(1.0),A,U,A,B,5J,A,1E,A,SGD,TO1,A,A,3,C,2016,K,S,A,F,36315.662459
dataflow,BIS:BIS_DER(1.0),A,U,A,B,5J,A,1E,A,SGD,TO1,A,A,3,C,2017,K,S,M,F,
dataflow,BIS:BIS_DER(1.0),A,U,A,B,5J,A,1E,A,SGD,TO1,A,A,3,C,2018,K,S,M,F,
dataflow,BIS:BIS_DER(1.0),A,U,A,B,5J,A,1E,A,SGD,TO1,A,A,3,C,2019,K,S,A,F,52352.945424
dataflow,BIS:BIS_DER(1.0),A,U,A,B,5J,A,1E,A,SGD,USD,A,A,3,C,1992,K,S,A,F,1704.475
dataflow,BIS:BIS_DER(1.0),A,U,A,B,5J,A,1E,A,SGD,USD,A,A,3,C,1993,K,S,M,F,
dataflow,BIS:BIS_DER(1.0),A,U,A,B,5J,A,1E,A,SGD,USD,A,A,3,C,1994,K,S,M,F,
dataflow,BIS:BIS_DER(1.0),A,U,A,B,5J,A,1E,A,SGD,USD,A,A,3,C,1995,K,S,A,F,4295.263151
dataflow,BIS:BIS_DER(1.0),A,U,A,B,5J,A,1E,A,SGD,USD,A,A,3,C,1996,K,S,M,F,
dataflow,BIS:BIS_DER(1.0),A,U,A,B,5J,A,1E,A,SGD,USD,A,A,3,C,1997,K,S,M,F,
dataflow,BIS:BIS_DER(1.0),A,U,A,B,5J,A,1E,A,SGD,USD,A,A,3,C,1998,K,S,A,F,15514.325
dataflow,BIS:BIS_DER(1.0),A,U,A,B,5J,A,1E,A,SGD,USD,A,A,3,C,1999,K,S,M,F,
dataflow,BIS:BIS_DER(1.0),A,U,A,B,5J,A,1E,A,SGD,USD,A,A,3,C,2000,K,S,M,F,
dataflow,BIS:BIS_DER(1.0),A,U,A,B,5J,A,1E,A,SGD,USD,A,A,3,C,2001,K,S,A,F,7632.35
dataflow,BIS:BIS_DER(1.0),A,U,A,B,5J,A,1E,A,SGD,USD,A,A,3,C,2002,K,S,M,F,
dataflow,BIS:BIS_DER(1.0),A,U,A,B,5J,A,1E,A,SGD,USD,A,A,3,C,2003,K,S,M,F,
dataflow,BIS:BIS_DER(1.0),A,U,A,B,5J,A,1E,A,SGD,USD,A,A,3,C,2004,K,S,A,F,4681.402136
dataflow,BIS:BIS_DER(1.0),A,U,A,B,5J,A,1E,A,SGD,USD,A,A,3,C,2005,K,S,M,F,
dataflow,BIS:BIS_DER(1.0),A,U,A,B,5J,A,1E,A,SGD,USD,A,A,3,C,2006,K,S,M,F,
dataflow,BIS:BIS_DER(1.0),A,U,A,B,5J,A,1E,A,SGD,USD,A,A,3,C,2007,K,S,A,F,9235.025
dataflow,BIS:BIS_DER(1.0),A,U,A,B,5J,A,1E,A,SGD,USD,A,A,3,C,2008,K,S,M,F,
dataflow,BIS:BIS_DER(1.0),A,U,A,B,5J,A,1E,A,SGD,USD,A,A,3,C,2009,K,S,M,F,
dataflow,BIS:BIS_DER(1.0),A,U,A,B,5J,A,1E,A,SGD,USD,A,A,3,C,2010,K,S,A,F,10186.09523
dataflow,BIS:BIS_DER(1.0),A,U,A,B,5J,A,1E,A,SGD,USD,A,A,3,C,2011,K,S,M,F,
dataflow,BIS:BIS_DER(1.0),A,U,A,B,5J,A,1E,A,SGD,USD,A,A,3,C,2012,K,S,M,F,
dataflow,BIS:BIS_DER(1.0),A,U,A,B,5J,A,1E,A,SGD,USD,A,A,3,C,2013,K,S,A,F,25442.870214
dataflow,BIS:BIS_DER(1.0),A,U,A,B,5J,A,1E,A,SGD,USD,A,A,3,C,2014,K,S,M,F,
dataflow,BIS:BIS_DER(1.0),A,U,A,B,5J,A,1E,A,SGD,USD,A,A,3,C,2015,K,S,M,F,
dataflow,BIS:BIS_DER(1.0),A,U,A,B,5J,A,1E,A,SGD,USD,A,A,3,C,2016,K,S,A,F,29405.804022
dataflow,BIS:BIS_DER(1.0),A,U,A,B,5J,A,1E,A,SGD,USD,A,A,3,C,2017,K,S,M,F,
dataflow,BIS:BIS_DER(1.0),A,U,A,B,5J,A,1E,A,SGD,USD,A,A,3,C,2018,K,S,M,F,
dataflow,BIS:BIS_DER(1.0),A,U,A,B,5J,A,1E,A,SGD,USD,A,A,3,C,2019,K,S,A,F,47760.171461
dataflow,BIS:BIS_DER(1.0),A,U,A,B,5J,A,1E,A,TO1,AUD,A,A,3,C,1992,K,S,A,F,6296.536438
dataflow,BIS:BIS_DER(1.0),A,U,A,B,5J,A,1E,A,TO1,AUD,A,A,3,C,1993,K,S,M,F,
dataflow,BIS:BIS_DER(1.0),A,U,A,B,5J,A,1E,A,TO1,AUD,A,A,3,C,1994,K,S,M,F,
dataflow,BIS:BIS_DER(1.0),A,U,A,B,5J,A,1E,A,TO1,AUD,A,A,3,C,1995,K,S,A,F,17470.523301
dataflow,BIS:BIS_DER(1.0),A,U,A,B,5J,A,1E,A,TO1,AUD,A,A,3,C,1996,K,S,M,F,
dataflow,BIS:BIS_DER(1.0),A,U,A,B,5J,A,1E,A,TO1,AUD,A,A,3,C,1997,K,S,M,F,
dataflow,BIS:BIS_DER(1.0),A,U,A,B,5J,A,1E,A,TO1,AUD,A,A,3,C,1998,K,S,A,F,26828.119252
dataflow,BIS:BIS_DER(1.0),A,U,A,B,5J,A,1E,A,TO1,AUD,A,A,3,C,1999,K,S,M,F,
dataflow,BIS:BIS_DER(1.0),A,U,A,B,5J,A,1E,A,TO1,AUD,A,A,3,C,2000,K,S,M,F,
dataflow,BIS:BIS_DER(1.0),A,U,A,B,5J,A,1E,A,TO1,AUD,A,A,3,C,2001,K,S,A,F,24596.393996
dataflow,BIS:BIS_DER(1.0),A,U,A,B,5J,A,1E,A,TO1,AUD,A,A,3,C,2002,K,S,M,F,
dataflow,BIS:BIS_DER(1.0),A,U,A,B,5J,A,1E,A,TO1,AUD,A,A,3,C,2003,K,S,M,F,
dataflow,BIS:BIS_DER(1.0),A,U,A,B,5J,A,1E,A,TO1,AUD,A,A,3,C,2004,K,S,A,F,47452.821599
dataflow,BIS:BIS_DER(1.0),A,U,A,B,5J,A,1E,A,TO1,AUD,A,A,3,C,2005,K,S,M,F,
dataflow,BIS:BIS_DER(1.0),A,U,A,B,5J,A,1E,A,TO1,AUD,A,A,3,C,2006,K,S,M,F,
dataflow,BIS:BIS_DER(1.0),A,U,A,B,5J,A,1E,A,TO1,AUD,A,A,3,C,2007,K,S,A,F,88622.948918
dataflow,BIS:BIS_DER(1.0),A,U,A,B,5J,A,1E,A,TO1,AUD,A,A,3,C,2008,K,S,M,F,
dataflow,BIS:BIS_DER(1.0),A,U,A,B,5J,A,1E,A,TO1,AUD,A,A,3,C,2009,K,S,M,F,
dataflow,BIS:BIS_DER(1.0),A,U,A,B,5J,A,1E,A,TO1,AUD,A,A,3,C,2010,K,S,A,F,101330.1492
dataflow,BIS:BIS_DER(1.0),A,U,A,B,5J,A,1E,A,TO1,AUD,A,A,3,C,2011,K,S,M,F,
dataflow,BIS:BIS_DER(1.0),A,U,A,B,5J,A,1E,A,TO1,AUD,A,A,3,C,2012,K,S,M,F,
dataflow,BIS:BIS_DER(1.0),A,U,A,B,5J,A,1E,A,TO1,AUD,A,A,3,C,2013,K,S,A,F,186052.622578
dataflow,BIS:BIS_DER(1.0),A,U,A,B,5J,A,1E,A,TO1,AUD,A,A,3,C,2014,K,S,M,F,
dataflow,BIS:BIS_DER(1.0),A,U,A,B,5J,A,1E,A,TO1,AUD,A,A,3,C,2015,K,S,M,F,
dataflow,BIS:BIS_DER(1.0),A,U,A,B,5J,A,1E,A,TO1,AUD,A,A,3,C,2016,K,S,A,F,113260.867199
dataflow,BIS:BIS_DER(1.0),A,U,A,B,5J,A,1E,A,TO1,AUD,A,A,3,C,2017,K,S,M,F,
dataflow,BIS:BIS_DER(1.0),A,U,A,B,5J,A,1E,A,TO1,AUD,A,A,3,C,2018,K,S,M,F,
dataflow,BIS:BIS_DER(1.0),A,U,A,B,5J,A,1E,A,TO1,AUD,A,A,3,C,2019,K,S,A,F,196265.057222
dataflow,BIS:BIS_DER(1.0),A,U,A,B,5J,A,1E,A,TO1,BRL,A,A,3,C,1998,K,S,A,F,1709.0
dataflow,BIS:BIS_DER(1.0),A,U,A,B,5J,A,1E,A,TO1,BRL,A,A,3,C,1999,K,S,M,F,
dataflow,BIS:BIS_DER(1.0),A,U,A,B,5J,A,1E,A,TO1,BRL,A,A,3,C,2000,K,S,M,F,
dataflow,BIS:BIS_DER(1.0),A,U,A,B,5J,A,1E,A,TO1,BRL,A,A,3,C,2001,K,S,A,F,5357.479237
dataflow,BIS:BIS_DER(1.0),A,U,A,B,5J,A,1E,A,TO1,BRL,A,A,3,C,2002,K,S,M,F,
dataflow,BIS:BIS_DER(1.0),A,U,A,B,5J,A,1E,A,TO1,BRL,A,A,3,C,2003,K,S,M,F,
dataflow,BIS:BIS_DER(1.0),A,U,A,B,5J,A,1E,A,TO1,BRL,A,A,3,C,2004,K,S,A,F,4227.165155
dataflow,BIS:BIS_DER(1.0),A,U,A,B,5J,A,1E,A,TO1,BRL,A,A,3,C,2005,K,S,M,F,
dataflow,BIS:BIS_DER(1.0),A,U,A,B,5J,A,1E,A,TO1,BRL,A,A,3,C,2006,K,S,M,F,
dataflow,BIS:BIS_DER(1.0),A,U,A,B,5J,A,1E,A,TO1,BRL,A,A,3,C,2007,K,S,A,F,8022.699628
dataflow,BIS:BIS_DER(1.0),A,U,A,B,5J,A,1E,A,TO1,BRL,A,A,3,C,2008,K,S,M,F,
dataflow,BIS:BIS_DER(1.0),A,U,A,B,5J,A,1E,A,TO1,BRL,A,A,3,C,2009,K,S,M,F,
dataflow,BIS:BIS_DER(1.0),A,U,A,B,5J,A,1E,A,TO1,BRL,A,A,3,C,2010,K,S,A,F,12184.921191
dataflow,BIS:BIS_DER(1.0),A,U,A,B,5J,A,1E,A,TO1,BRL,A,A,3,C,2011,K,S,M,F,
dataflow,BIS:BIS_DER(1.0),A,U,A,B,5J,A,1E,A,TO1,BRL,A,A,3,C,2012,K,S,M,F,
dataflow,BIS:BIS_DER(1.0),A,U,A,B,5J,A,1E,A,TO1,BRL,A,A,3,C,2013,K,S,A,F,21564.42315
dataflow,BIS:BIS_DER(1.0),A,U,A,B,5J,A,1E,A,TO1,BRL,A,A,3,C,2014,K,S,M,F,
dataflow,BIS:BIS_DER(1.0),A,U,A,B,5J,A,1E,A,TO1,BRL,A,A,3,C,2015,K,S,M,F,
dataflow,BIS:BIS_DER(1.0),A,U,A,B,5J,A,1E,A,TO1,BRL,A,A,3,C,2016,K,S,A,F,24132.922449
dataflow,BIS:BIS_DER(1.0),A,U,A,B,5J,A,1E,A,TO1,BRL,A,A,3,C,2017,K,S,M,F,
dataflow,BIS:BIS_DER(1.0),A,U,A,B,5J,A,1E,A,TO1,BRL,A,A,3,C,2018,K,S,M,F,
dataflow,BIS:BIS_DER(1.0),A,U,A,B,5J,A,1E,A,TO1,BRL,A,A,3,C,2019,K,S,A,F,37447.975429
dataflow,BIS:BIS_DER(1.0),A,U,A,B,5J,A,1E,A,TO1,CAD,A,A,3,C,1992,K,S,A,F,8155.470829
dataflow,BIS:BIS_DER(1.0),A,U,A,B,5J,A,1E,A,TO1,CAD,A,A,3,C,1993,K,S,M,F,
dataflow,BIS:BIS_DER(1.0),A,U,A,B,5J,A,1E,A,TO1,CAD,A,A,3,C,1994,K,S,M,F,
dataflow,BIS:BIS_DER(1.0),A,U,A,B,5J,A,1E,A,TO1,CAD,A,A,3,C,1995,K,S,A,F,20049.761864
dataflow,BIS:BIS_DER(1.0),A,U,A,B,5J,A,1E,A,TO1,CAD,A,A,3,C,1996,K,S,M,F,
dataflow,BIS:BIS_DER(1.0),A,U,A,B,5J,A,1E,A,TO1,CAD,A,A,3,C,1997,K,S,M,F,
dataflow,BIS:BIS_DER(1.0),A,U,A,B,5J,A,1E,A,TO1,CAD,A,A,3,C,1998,K,S,A,F,24944.441938
dataflow,BIS:BIS_DER(1.0),A,U,A,B,5J,A,1E,A,TO1,CAD,A,A,3,C,1999,K,S,M,F,
dataflow,BIS:BIS_DER(1.0),A,U,A,B,5J,A,1E,A,TO1,CAD,A,A,3,C,2000,K,S,M,F,
dataflow,BIS:BIS_DER(1.0),A,U,A,B,5J,A,1E,A,TO1,CAD,A,A,3,C,2001,K,S,A,F,23870.776198
dataflow,BIS:BIS_DER(1.0),A,U,A,B,5J,A,1E,A,TO1,CAD,A,A,3,C,2002,K,S,M,F,
dataflow,BIS:BIS_DER(1.0),A,U,A,B,5J,A,1E,A,TO1,CAD,A,A,3,C,2003,K,S,M,F,
dataflow,BIS:BIS_DER(1.0),A,U,A,B,5J,A,1E,A,TO1,CAD,A,A,3,C,2004,K,S,A,F,35184.187613
dataflow,BIS:BIS_DER(1.0),A,U,A,B,5J,A,1E,A,TO1,CAD,A,A,3,C,2005,K,S,M,F,
dataflow,BIS:BIS_DER(1.0),A,U,A,B,5J,A,1E,A,TO1,CAD,A,A,3,C,2006,K,S,M,F,
dataflow,BIS:BIS_DER(1.0),A,U,A,B,5J,A,1E,A,TO1,CAD,A,A,3,C,2007,K,S,A,F,55830.157308
dataflow,BIS:BIS_DER(1.0),A,U,A,B,5J,A,1E,A,TO1,CAD,A,A,3,C,2008,K,S,M,F,
dataflow,BIS:BIS_DER(1.0),A,U,A,B,5J,A,1E,A,TO1,CAD,A,A,3,C,2009,K,S,M,F,
dataflow,BIS:BIS_DER(1.0),A,U,A,B,5J,A,1E,A,TO1,CAD,A,A,3,C,2010,K,S,A,F,72097.795691
dataflow,BIS:BIS_DER(1.0),A,U,A,B,5J,A,1E,A,TO1,CAD,A,A,3,C,2011,K,S,M,F,
dataflow,BIS:BIS_DER(1.0),A,U,A,B,5J,A,1E,A,TO1,CAD,A,A,3,C,2012,K,S,M,F,
dataflow,BIS:BIS_DER(1.0),A,U,A,B,5J,A,1E,A,TO1,CAD,A,A,3,C,2013,K,S,A,F,98285.792334
dataflow,BIS:BIS_DER(1.0),A,U,A,B,5J,A,1E,A,TO1,CAD,A,A,3,C,2014,K,S,M,F,
dataflow,BIS:BIS_DER(1.0),A,U,A,B,5J,A,1E,A,TO1,CAD,A,A,3,C,2015,K,S,M,F,
dataflow,BIS:BIS_DER(1.0),A,U,A,B,5J,A,1E,A,TO1,CAD,A,A,3,C,2016,K,S,A,F,93595.298182
dataflow,BIS:BIS_DER(1.0),A,U,A,B,5J,A,1E,A,TO1,CAD,A,A,3,C,2017,K,S,M,F,
dataflow,BIS:BIS_DER(1.0),A,U,A,B,5J,A,1E,A,TO1,CAD,A,A,3,C,2018,K,S,M,F,
dataflow,BIS:BIS_DER(1.0),A,U,A,B,5J,A,1E,A,TO1,CAD,A,A,3,C,2019,K,S,A,F,152427.364638
dataflow,BIS:BIS_DER(1.0),A,U,A,B,5J,A,1E,A,TO1,CHF,A,A,3,C,1992,K,S,A,F,25307.840988
dataflow,BIS:BIS_DER(1.0),A,U,A,B,5J,A,1E,A,TO1,CHF,A,A,3,C,1993,K,S,M,F,
dataflow,BIS:BIS_DER(1.0),A,U,A,B,5J,A,1E,A,TO1,CHF,A,A,3,C,1994,K,S,M,F,
dataflow,BIS:BIS_DER(1.0),A,U,A,B,5J,A,1E,A,TO1,CHF,A,A,3,C,1995,K,S,A,F,33691.6961
dataflow,BIS:BIS_DER(1.0),A,U,A,B,5J,A,1E,A,TO1,CHF,A,A,3,C,1996,K,S,M,F,
dataflow,BIS:BIS_DER(1.0),A,U,A,B,5J,A,1E,A,TO1,CHF,A,A,3,C,1997,K,S,M,F,
dataflow,BIS:BIS_DER(1.0),A,U,A,B,5J,A,1E,A,TO1,CHF,A,A,3,C,1998,K,S,A,F,47658.139216
dataflow,BIS:BIS_DER(1.0),A,U,A,B,5J,A,1E,A,TO1,CHF,A,A,3,C,1999,K,S,M,F,
dataflow,BIS:BIS_DER(1.0),A,U,A,B,5J,A,1E,A,TO1,CHF,A,A,3,C,2000,K,S,M,F,
dataflow,BIS:BIS_DER(1.0),A,U,A,B,5J,A,1E,A,TO1,CHF,A,A,3,C,2001,K,S,A,F,29590.869864
dataflow,BIS:BIS_DER(1.0),A,U,A,B,5J,A,1E,A,TO1,CHF,A,A,3,C,2002,K,S,M,F,
dataflow,BIS:BIS_DER(1.0),A,U,A,B,5J,A,1E,A,TO1,CHF,A,A,3,C,2003,K,S,M,F,
dataflow,BIS:BIS_DER(1.0),A,U,A,B,5J,A,1E,A,TO1,CHF,A,A,3,C,2004,K,S,A,F,38316.40102
dataflow,BIS:BIS_DER(1.0),A,U,A,B,5J,A,1E,A,TO1,CHF,A,A,3,C,2005,K,S,M,F,
dataflow,BIS:BIS_DER(1.0),A,U,A,B,5J,A,1E,A,TO1,CHF,A,A,3,C,2006,K,S,M,F,
dataflow,BIS:BIS_DER(1.0),A,U,A,B,5J,A,1E,A,TO1,CHF,A,A,3,C,2007,K,S,A,F,80670.712547
dataflow,BIS:BIS_DER(1.0),A,U,A,B,5J,A,1E,A,TO1,CHF,A,A,3,C,2008,K,S,M,F,
dataflow,BIS:BIS_DER(1.0),A,U,A,B,5J,A,1E,A,TO1,CHF,A,A,3,C,2009,K,S,M,F,
dataflow,BIS:BIS_DER(1.0),A,U,A,B,5J,A,1E,A,TO1,CHF,A,A,3,C,2010,K,S,A,F,77410.944195
dataflow,BIS:BIS_DER(1.0),A,U,A,B,5J,A,1E,A,TO1,CHF,A,A,3,C,2011,K,S,M,F,
dataflow,BIS:BIS_DER(1.0),A,U,A,B,5J,A,1E,A,TO1,CHF,A,A,3,C,2012,K,S,M,F,
dataflow,BIS:BIS_DER(1.0),A,U,A,B,5J,A,1E,A,TO1,CHF,A,A,3,C,2013,K,S,A,F,106920.847427
dataflow,BIS:BIS_DER(1.0),A,U,A,B,5J,A,1E,A,TO1,CHF,A,A,3,C,2014,K,S,M,F,
dataflow,BIS:BIS_DER(1.0),A,U,A,B,5J,A,1E,A,TO1,CHF,A,A,3,C,2015,K,S,M,F,
dataflow,BIS:BIS_DER(1.0),A,U,A,B,5J,A,1E,A,TO1,CHF,A,A,3,C,2016,K,S,A,F,75158.31011
dataflow,BIS:BIS_DER(1.0),A,U,A,B,5J,A,1E,A,TO1,CHF,A,A,3,C,2017,K,S,M,F,
dataflow,BIS:BIS_DER(1.0),A,U,A,B,5J,A,1E,A,TO1,CHF,A,A,3,C,2018,K,S,M,F,
dataflow,BIS:BIS_DER(1.0),A,U,A,B,5J,A,1E,A,TO1,CHF,A,A,3,C,2019,K,S,A,F,135778.739739
dataflow,BIS:BIS_DER(1.0),A,U,A,B,5J,A,1E,A,TO1,CNY,A,A,3,C,2001,K,S,A,F,30.338886
dataflow,BIS:BIS_DER(1.0),A,U,A,B,5J,A,1E,A,TO1,CNY,A,A,3,C,2002,K,S,M,F,
dataflow,BIS:BIS_DER(1.0),A,U,A,B,5J,A,1E,A,TO1,CNY,A,A,3,C,2003,K,S,M,F,
dataflow,BIS:BIS_DER(1.0),A,U,A,B,5J,A,1E,A,TO1,CNY,A,A,3,C,2004,K,S,A,F,347.020722
dataflow,BIS:BIS_DER(1.0),A,U,A,B,5J,A,1E,A,TO1,CNY,A,A,3,C,2005,K,S,M,F,
dataflow,BIS:BIS_DER(1.0),A,U,A,B,5J,A,1E,A,TO1,CNY,A,A,3,C,2006,K,S,M,F,
dataflow,BIS:BIS_DER(1.0),A,U,A,B,5J,A,1E,A,TO1,CNY,A,A,3,C,2007,K,S,A,F,10492.594857
dataflow,BIS:BIS_DER(1.0),A,U,A,B,5J,A,1E,A,TO1,CNY,A,A,3,C,2008,K,S,M,F,
dataflow,BIS:BIS_DER(1.0),A,U,A,B,5J,A,1E,A,TO1,CNY,A,A,3,C,2009,K,S,M,F,
dataflow,BIS:BIS_DER(1.0),A,U,A,B,5J,A,1E,A,TO1,CNY,A,A,3,C,2010,K,S,A,F,18212.316414
dataflow,BIS:BIS_DER(1.0),A,U,A,B,5J,A,1E,A,TO1,CNY,A,A,3,C,2011,K,S,M,F,
dataflow,BIS:BIS_DER(1.0),A,U,A,B,5J,A,1E,A,TO1,CNY,A,A,3,C,2012,K,S,M,F,
dataflow,BIS:BIS_DER(1.0),A,U,A,B,5J,A,1E,A,TO1,CNY,A,A,3,C,2013,K,S,A,F,60399.958151
dataflow,BIS:BIS_DER(1.0),A,U,A,B,5J,A,1E,A,TO1,CNY,A,A,3,C,2014,K,S,M,F,
dataflow,BIS:BIS_DER(1.0),A,U,A,B,5J,A,1E,A,TO1,CNY,A,A,3,C,2015,K,S,M,F,
dataflow,BIS:BIS_DER(1.0),A,U,A,B,5J,A,1E,A,TO1,CNY,A,A,3,C,2016,K,S,A,F,98477.286129
dataflow,BIS:BIS_DER(1.0),A,U,A,B,5J,A,1E,A,TO1,CNY,A,A,3,C,2017,K,S,M,F,
dataflow,BIS:BIS_DER(1.0),A,U,A,B,5J,A,1E,A,TO1,CNY,A,A,3,C,2018,K,S,M,F,
dataflow,BIS:BIS_DER(1.0),A,U,A,B,5J,A,1E,A,TO1,CNY,A,A,3,C,2019,K,S,A,F,151384.442434
dataflow,BIS:BIS_DER(1.0),A,U,A,B,5J,A,1E,A,TO1,DKK,A,A,3,C,1992,K,S,A,F,2542.755254
dataflow,BIS:BIS_DER(1.0),A,U,A,B,5J,A,1E,A,TO1,DKK,A,A,3,C,1993,K,S,M,F,
dataflow,BIS:BIS_DER(1.0),A,U,A,B,5J,A,1E,A,TO1,DKK,A,A,3,C,1994,K,S,M,F,
dataflow,BIS:BIS_DER(1.0),A,U,A,B,5J,A,1E,A,TO1,DKK,A,A,3,C,1995,K,S,A,F,2680.323522
dataflow,BIS:BIS_DER(1.0),A,U,A,B,5J,A,1E,A,TO1,DKK,A,A,3,C,1996,K,S,M,F,
dataflow,BIS:BIS_DER(1.0),A,U,A,B,5J,A,1E,A,TO1,DKK,A,A,3,C,1997,K,S,M,F,
dataflow,BIS:BIS_DER(1.0),A,U,A,B,5J,A,1E,A,TO1,DKK,A,A,3,C,1998,K,S,A,F,1722.831571
dataflow,BIS:BIS_DER(1.0),A,U,A,B,5J,A,1E,A,TO1,DKK,A,A,3,C,1999,K,S,M,F,
dataflow,BIS:BIS_DER(1.0),A,U,A,B,5J,A,1E,A,TO1,DKK,A,A,3,C,2000,K,S,M,F,
dataflow,BIS:BIS_DER(1.0),A,U,A,B,5J,A,1E,A,TO1,DKK,A,A,3,C,2001,K,S,A,F,5522.757116
dataflow,BIS:BIS_DER(1.0),A,U,A,B,5J,A,1E,A,TO1,DKK,A,A,3,C,2002,K,S,M,F,
dataflow,BIS:BIS_DER(1.0),A,U,A,B,5J,A,1E,A,TO1,DKK,A,A,3,C,2003,K,S,M,F,
dataflow,BIS:BIS_DER(1.0),A,U,A,B,5J,A,1E,A,TO1,DKK,A,A,3,C,2004,K,S,A,F,5321.233104
dataflow,BIS:BIS_DER(1.0),A,U,A,B,5J,A,1E,A,TO1,DKK,A,A,3,C,2005,K,S,M,F,
dataflow,BIS:BIS_DER(1.0),A,U,A,B,5J,A,1E,A,TO1,DKK,A,A,3,C,2006,K,S,M,F,
dataflow,BIS:BIS_DER(1.0),A,U,A,B,5J,A,1E,A,TO1,DKK,A,A,3,C,2007,K,S,A,F,13612.403325
dataflow,BIS:BIS_DER(1.0),A,U,A,B,5J,A,1E,A,TO1,DKK,A,A,3,C,2008,K,S,M,F,
dataflow,BIS:BIS_DER(1.0),A,U,A,B,5J,A,1E,A,TO1,DKK,A,A,3,C,2009,K,S,M,F,
dataflow,BIS:BIS_DER(1.0),A,U,A,B,5J,A,1E,A,TO1,DKK,A,A,3,C,2010,K,S,A,F,8946.175608
dataflow,BIS:BIS_DER(1.0),A,U,A,B,5J,A,1E,A,TO1,DKK,A,A,3,C,2011,K,S,M,F,
dataflow,BIS:BIS_DER(1.0),A,U,A,B,5J,A,1E,A,TO1,DKK,A,A,3,C,2012,K,S,M,F,
dataflow,BIS:BIS_DER(1.0),A,U,A,B,5J,A,1E,A,TO1,DKK,A,A,3,C,2013,K,S,A,F,15916.273552
dataflow,BIS:BIS_DER(1.0),A,U,A,B,5J,A,1E,A,TO1,DKK,A,A,3,C,2014,K,S,M,F,
dataflow,BIS:BIS_DER(1.0),A,U,A,B,5J,A,1E,A,TO1,DKK,A,A,3,C,2015,K,S,M,F,
dataflow,BIS:BIS_DER(1.0),A,U,A,B,5J,A,1E,A,TO1,DKK,A,A,3,C,2016,K,S,A,F,14354.175656
dataflow,BIS:BIS_DER(1.0),A,U,A,B,5J,A,1E,A,TO1,DKK,A,A,3,C,2017,K,S,M,F,
dataflow,BIS:BIS_DER(1.0),A,U,A,B,5J,A,1E,A,TO1,DKK,A,A,3,C,2018,K,S,M,F,
dataflow,BIS:BIS_DER(1.0),A,U,A,B,5J,A,1E,A,TO1,DKK,A,A,3,C,2019,K,S,A,F,14648.949851
dataflow,BIS:BIS_DER(1.0),A,U,A,B,5J,A,1E,A,TO1,EUR,A,A,3,C,2001,K,S,A,F,181492.415307
dataflow,BIS:BIS_DER(1.0),A,U,A,B,5J,A,1E,A,TO1,EUR,A,A,3,C,2002,K,S,M,F,
dataflow,BIS:BIS_DER(1.0),A,U,A,B,5J,A,1E,A,TO1,EUR,A,A,3,C,2003,K,S,M,F,
dataflow,BIS:BIS_DER(1.0),A,U,A,B,5J,A,1E,A,TO1,EUR,A,A,3,C,2004,K,S,A,F,249839.856189
dataflow,BIS:BIS_DER(1.0),A,U,A,B,5J,A,1E,A,TO1,EUR,A,A,3,C,2005,K,S,M,F,
dataflow,BIS:BIS_DER(1.0),A,U,A,B,5J,A,1E,A,TO1,EUR,A,A,3,C,2006,K,S,M,F,
dataflow,BIS:BIS_DER(1.0),A,U,A,B,5J,A,1E,A,TO1,EUR,A,A,3,C,2007,K,S,A,F,443666.734085
dataflow,BIS:BIS_DER(1.0),A,U,A,B,5J,A,1E,A,TO1,EUR,A,A,3,C,2008,K,S,M,F,
dataflow,BIS:BIS_DER(1.0),A,U,A,B,5J,A,1E,A,TO1,EUR,A,A,3,C,2009,K,S,M,F,
