COMMENT,Currency,Measure_Type,Asset_Ex_LNA,Area_Operation,INPUT,DMID,TIME_PERIOD
N_A,INR,TOTAL,CF_CASHONHAND,DOM_OP,N_A,S7,2019-Q2
N_A,INR,TOWHF,CF_CASHONHAND,DOM_OP,N_A,S8,2019-Q2
N_A,INR,TOTAL,CF_CASHONHAND,OVR_OP,N_A,S9,2019-Q2
N_A,INR,TOWHF,CF_CASHONHAND,OVR_OP,N_A,S10,2019-Q2
N_A,INR,TOTAL,CF_CASHONHAND,GL_OP,N_A,S11,2019-Q2
N_A,INR,TOWHF,CF_CASHONHAND,GL_OP,N_A,S12,2019-Q2
N_A,INR,TOTAL,CF_DEPWITHRBI,DOM_OP,N_A,S13,2019-Q2
N_A,INR,TOWHF,CF_DEPWITHRBI,DOM_OP,N_A,S14,2019-Q2
N_A,INR,TOTAL,CF_DEPWITHRBI,OVR_OP,N_A,S15,2019-Q2
N_A,INR,TOWHF,CF_DEPWITHRBI,OVR_OP,N_A,S16,2019-Q2
N_A,INR,TOTAL,CF_DEPWITHRBI,GL_OP,N_A,S17,2019-Q2
N_A,INR,TOWHF,CF_DEPWITHRBI,GL_OP,N_A,S18,2019-Q2
N_A,INR,TOTAL,DUEFRMBANKS_CA,DOM_OP,N_A,S25,2019-Q2
N_A,INR,TOWHF,DUEFRMBANKS_CA,DOM_OP,N_A,S26,2019-Q2
N_A,INR,TOTAL,DUEFRMBANKS_CA,OVR_OP,N_A,S27,2019-Q2
N_A,INR,TOWHF,DUEFRMBANKS_CA,GL_OP,N_A,S28,2019-Q2
N_A,INR,TOTAL,DUEFRMBANKS_CA,GL_OP,N_A,C1,2019-Q2
N_A,INR,TOWHF,DUEFRMBANKS_CA,GL_OP,N_A,S29,2019-Q2
N_A,INR,TOTAL,DUEFRMBANKS_MONEYMARKET,GL_OP,N_A,S30,2019-Q2
N_A,INR,TOWHF,DUEFRMBANKS_MONEYMARKET,GL_OP,N_A,S31,2019-Q2
N_A,INR,TOTAL,DUEFRMBANKS_MONEYMARKET,GL_OP,N_A,S32,2019-Q2
N_A,INR,TOWHF,DUEFRMBANKS_MONEYMARKET,GL_OP,N_A,S33,2019-Q2
N_A,INR,TOTAL,DUEFRMBANKS_MONEYMARKET,GL_OP,N_A,S34,2019-Q2
N_A,INR,TOWHF,DUEFRMBANKS_MONEYMARKET,GL_OP,N_A,S35,2019-Q2
N_A,INR,TOTAL,DUEFRMBANKS_FD,GL_OP,N_A,S36,2019-Q2
N_A,INR,TOWHF,DUEFRMBANKS_FD,GL_OP,N_A,S37,2019-Q2
N_A,INR,TOTAL,DUEFRMBANKS_FD,GL_OP,N_A,S38,2019-Q2
N_A,INR,TOWHF,DUEFRMBANKS_FD,GL_OP,N_A,S39,2019-Q2
N_A,INR,TOTAL,DUEFRMBANKS_FD,GL_OP,N_A,S40,2019-Q2
N_A,INR,TOWHF,DUEFRMBANKS_FD,GL_OP,N_A,S41,2019-Q2
N_A,INR,TOTAL,DUEFRMBANKS_LNA,GL_OP,N_A,S42,2019-Q2
N_A,INR,TOWHF,DUEFRMBANKS_LNA,GL_OP,N_A,S43,2019-Q2
N_A,INR,TOTAL,DUEFRMBANKS_LNA,GL_OP,N_A,S44,2019-Q2
N_A,INR,TOWHF,DUEFRMBANKS_LNA,GL_OP,N_A,S45,2019-Q2
N_A,INR,TOTAL,DUEFRMBANKS_LNA,GL_OP,N_A,S46,2019-Q2
N_A,INR,TOWHF,DUEFRMBANKS_LNA,GL_OP,N_A,S47,2019-Q2
N_A,INR,TOTAL,DUEFRMFICCP_FI,GL_OP,N_A,S54,2019-Q2
N_A,INR,TOWHF,DUEFRMFICCP_FI,GL_OP,N_A,S55,2019-Q2
N_A,INR,TOTAL,DUEFRMFICCP_FI,GL_OP,N_A,S56,2019-Q2
N_A,INR,TOWHF,DUEFRMFICCP_FI,GL_OP,N_A,S57,2019-Q2
N_A,INR,TOTAL,DUEFRMFICCP_FI,GL_OP,N_A,S58,2019-Q2
N_A,INR,TOWHF,DUEFRMFICCP_FI,GL_OP,N_A,S59,2019-Q2
N_A,INR,TOTAL,DUEFRMFICCP_CCP,GL_OP,N_A,S60,2019-Q2
N_A,INR,TOWHF,DUEFRMFICCP_CCP,GL_OP,N_A,S61,2019-Q2
N_A,INR,TOTAL,DUEFRMFICCP_CCP,GL_OP,N_A,S62,2019-Q2
N_A,INR,TOWHF,DUEFRMFICCP_CCP,GL_OP,N_A,S63,2019-Q2
N_A,INR,TOTAL,DUEFRMFICCP_CCP,GL_OP,N_A,S64,2019-Q2
N_A,INR,TOWHF,DUEFRMFICCP_CCP,GL_OP,N_A,S65,2019-Q2
N_A,INR,TOTAL,DUEFRMFICCP_CL15D,GL_OP,N_A,S66,2019-Q2
N_A,INR,TOWHF,DUEFRMFICCP_CL15D,GL_OP,N_A,S67,2019-Q2
N_A,INR,TOTAL,DUEFRMFICCP_CL15D,GL_OP,N_A,S68,2019-Q2
N_A,INR,TOWHF,DUEFRMFICCP_CL15D,GL_OP,N_A,S69,2019-Q2
N_A,INR,TOTAL,DUEFRMFICCP_CL15D,GL_OP,N_A,S70,2019-Q2
N_A,INR,TOWHF,DUEFRMFICCP_CL15D,GL_OP,N_A,S71,2019-Q2
N_A,INR,TOTAL,DUEFRMFICCP_CB15D,GL_OP,N_A,S72,2019-Q2
N_A,INR,TOWHF,DUEFRMFICCP_CB15D,GL_OP,N_A,S73,2019-Q2
N_A,INR,TOTAL,DUEFRMFICCP_CB15D,GL_OP,N_A,S74,2019-Q2
N_A,INR,TOWHF,DUEFRMFICCP_CB15D,GL_OP,N_A,S75,2019-Q2
N_A,INR,TOTAL,DUEFRMFICCP_CB15D,GL_OP,N_A,S76,2019-Q2
N_A,INR,TOWHF,DUEFRMFICCP_CB15D,GL_OP,N_A,S77,2019-Q2
N_A,INR,TOTAL,DUEFRMOVRBANK_CA,GL_OP,N_A,S84,2019-Q2
N_A,INR,TOWHF,DUEFRMOVRBANK_CA,GL_OP,N_A,S85,2019-Q2
N_A,INR,TOTAL,DUEFRMOVRBANK_CA,GL_OP,N_A,S86,2019-Q2
N_A,INR,TOWHF,DUEFRMOVRBANK_CA,GL_OP,N_A,S87,2019-Q2
N_A,INR,TOTAL,DUEFRMOVRBANK_CA,OVR_OP,N_A,C2,2019-Q2
N_A,INR,TOWHF,DUEFRMOVRBANK_CA,GL_OP,N_A,S88,2019-Q2
N_A,INR,TOTAL,DUEFRMOVRBANK_FD,GL_OP,N_A,S89,2019-Q2
N_A,INR,TOWHF,DUEFRMOVRBANK_FD,GL_OP,N_A,S90,2019-Q2
N_A,INR,TOTAL,DUEFRMOVRBANK_FD,GL_OP,N_A,S91,2019-Q2
N_A,INR,TOWHF,DUEFRMOVRBANK_FD,GL_OP,N_A,S92,2019-Q2
N_A,INR,TOTAL,DUEFRMOVRBANK_FD,GL_OP,N_A,S93,2019-Q2
N_A,INR,TOWHF,DUEFRMOVRBANK_FD,GL_OP,N_A,S94,2019-Q2
N_A,INR,TOTAL,DUEFRMOVRBANK_LNA,GL_OP,N_A,S95,2019-Q2
N_A,INR,TOWHF,DUEFRMOVRBANK_LNA,GL_OP,N_A,S96,2019-Q2
N_A,INR,TOTAL,DUEFRMOVRBANK_LNA,GL_OP,N_A,S97,2019-Q2
N_A,INR,TOWHF,DUEFRMOVRBANK_LNA,GL_OP,N_A,S98,2019-Q2
N_A,INR,TOTAL,DUEFRMOVRBANK_LNA,GL_OP,N_A,S99,2019-Q2
N_A,INR,TOWHF,DUEFRMOVRBANK_LNA,GL_OP,N_A,S100,2019-Q2
N_A,INR,TOTAL,DUEFRMOVRFI_FI,GL_OP,N_A,S101,2019-Q2
N_A,INR,TOWHF,DUEFRMOVRFI_FI,GL_OP,N_A,S102,2019-Q2
N_A,INR,TOTAL,DUEFRMOVRFI_FI,GL_OP,N_A,S103,2019-Q2
N_A,INR,TOWHF,DUEFRMOVRFI_FI,GL_OP,N_A,S104,2019-Q2
N_A,INR,TOTAL,DUEFRMOVRFI_FI,GL_OP,N_A,S105,2019-Q2
N_A,INR,TOWHF,DUEFRMOVRFI_FI,GL_OP,N_A,S106,2019-Q2
N_A,INR,TOTAL,OTHDEBT_GOIBOND,GL_OP,N_A,S128,2019-Q2
N_A,INR,TOWHF,OTHDEBT_GOIBOND,GL_OP,N_A,S129,2019-Q2
N_A,INR,TOTAL,OTHDEBT_GOIBOND,GL_OP,N_A,S130,2019-Q2
N_A,INR,TOWHF,OTHDEBT_GOIBOND,GL_OP,N_A,S131,2019-Q2
N_A,INR,TOTAL,OTHDEBT_GOIBOND,GL_OP,N_A,S132,2019-Q2
N_A,INR,TOWHF,OTHDEBT_GOIBOND,GL_OP,N_A,S133,2019-Q2
N_A,INR,TOTAL,OTHDEBT_BANKFIBOND,GL_OP,N_A,S134,2019-Q2
N_A,INR,TOWHF,OTHDEBT_BANKFIBOND,GL_OP,N_A,S135,2019-Q2
N_A,INR,TOTAL,OTHDEBT_BANKFIBOND,GL_OP,N_A,S136,2019-Q2
N_A,INR,TOWHF,OTHDEBT_BANKFIBOND,GL_OP,N_A,S137,2019-Q2
N_A,INR,TOTAL,OTHDEBT_BANKFIBOND,GL_OP,N_A,S138,2019-Q2
N_A,INR,TOWHF,OTHDEBT_BANKFIBOND,GL_OP,N_A,S139,2019-Q2
N_A,INR,TOTAL,OTHDEBT_PSUBOND,GL_OP,N_A,S140,2019-Q2
N_A,INR,TOWHF,OTHDEBT_PSUBOND,GL_OP,N_A,S141,2019-Q2
N_A,INR,TOTAL,OTHDEBT_PSUBOND,GL_OP,N_A,S142,2019-Q2
N_A,INR,TOWHF,OTHDEBT_PSUBOND,GL_OP,N_A,S143,2019-Q2
N_A,INR,TOTAL,OTHDEBT_PSUBOND,GL_OP,N_A,S144,2019-Q2
N_A,INR,TOWHF,OTHDEBT_PSUBOND,GL_OP,N_A,S145,2019-Q2
N_A,INR,TOTAL,OTHDEBT_INFRABOND,GL_OP,N_A,S146,2019-Q2
N_A,INR,TOWHF,OTHDEBT_INFRABOND,GL_OP,N_A,S147,2019-Q2
N_A,INR,TOTAL,OTHDEBT_INFRABOND,GL_OP,N_A,S148,2019-Q2
N_A,INR,TOWHF,OTHDEBT_INFRABOND,GL_OP,N_A,S149,2019-Q2
N_A,INR,TOTAL,OTHDEBT_INFRABOND,GL_OP,N_A,S150,2019-Q2
N_A,INR,TOWHF,OTHDEBT_INFRABOND,GL_OP,N_A,S151,2019-Q2
N_A,INR,TOTAL,OTHDEBT_VCF,GL_OP,N_A,S152,2019-Q2
N_A,INR,TOWHF,OTHDEBT_VCF,GL_OP,N_A,S153,2019-Q2
N_A,INR,TOTAL,OTHDEBT_VCF,GL_OP,N_A,S154,2019-Q2
N_A,INR,TOWHF,OTHDEBT_VCF,GL_OP,N_A,S155,2019-Q2
N_A,INR,TOTAL,OTHDEBT_VCF,GL_OP,N_A,S156,2019-Q2
N_A,INR,TOWHF,OTHDEBT_VCF,GL_OP,N_A,S157,2019-Q2
N_A,INR,TOTAL,OTHDEBT_ASSETBACKED_MORT,GL_OP,N_A,S164,2019-Q2
N_A,INR,TOWHF,OTHDEBT_ASSETBACKED_MORT,GL_OP,N_A,S165,2019-Q2
N_A,INR,TOTAL,OTHDEBT_ASSETBACKED_MORT,GL_OP,N_A,S166,2019-Q2
N_A,INR,TOWHF,OTHDEBT_ASSETBACKED_MORT,GL_OP,N_A,S167,2019-Q2
N_A,INR,TOTAL,OTHDEBT_ASSETBACKED_MORT,GL_OP,N_A,S168,2019-Q2
N_A,INR,TOWHF,OTHDEBT_ASSETBACKED_MORT,GL_OP,N_A,S169,2019-Q2
N_A,INR,TOTAL,OTHDEBT_ASSETBACKED_ARC,GL_OP,N_A,S170,2019-Q2
N_A,INR,TOWHF,OTHDEBT_ASSETBACKED_ARC,GL_OP,N_A,S171,2019-Q2
N_A,INR,TOTAL,OTHDEBT_ASSETBACKED_ARC,GL_OP,N_A,S172,2019-Q2
N_A,INR,TOWHF,OTHDEBT_ASSETBACKED_ARC,GL_OP,N_A,S173,2019-Q2
N_A,INR,TOTAL,OTHDEBT_ASSETBACKED_ARC,GL_OP,N_A,S174,2019-Q2
N_A,INR,TOWHF,OTHDEBT_ASSETBACKED_ARC,GL_OP,N_A,S175,2019-Q2
N_A,INR,TOTAL,OTHDEBT_ASSETBACKED_OTH,GL_OP,N_A,S176,2019-Q2
N_A,INR,TOWHF,OTHDEBT_ASSETBACKED_OTH,GL_OP,N_A,S177,2019-Q2
N_A,INR,TOTAL,OTHDEBT_ASSETBACKED_OTH,GL_OP,N_A,S178,2019-Q2
N_A,INR,TOWHF,OTHDEBT_ASSETBACKED_OTH,GL_OP,N_A,S179,2019-Q2
N_A,INR,TOTAL,OTHDEBT_ASSETBACKED_OTH,GL_OP,N_A,S180,2019-Q2
N_A,INR,TOWHF,OTHDEBT_ASSETBACKED_OTH,GL_OP,N_A,S181,2019-Q2
N_A,INR,TOTAL,OTHDEBT_NBFCBOND,GL_OP,N_A,S182,2019-Q2
N_A,INR,TOWHF,OTHDEBT_NBFCBOND,GL_OP,N_A,S183,2019-Q2
N_A,INR,TOTAL,OTHDEBT_NBFCBOND,GL_OP,N_A,S184,2019-Q2
N_A,INR,TOWHF,OTHDEBT_NBFCBOND,GL_OP,N_A,S185,2019-Q2
N_A,INR,TOTAL,OTHDEBT_NBFCBOND,GL_OP,N_A,S186,2019-Q2
N_A,INR,TOWHF,OTHDEBT_NBFCBOND,GL_OP,N_A,S187,2019-Q2
N_A,INR,TOTAL,OTHDEBT_OTHCORPBOND,GL_OP,N_A,S188,2019-Q2
N_A,INR,TOWHF,OTHDEBT_OTHCORPBOND,GL_OP,N_A,S189,2019-Q2
N_A,INR,TOTAL,OTHDEBT_OTHCORPBOND,GL_OP,N_A,S190,2019-Q2
N_A,INR,TOWHF,OTHDEBT_OTHCORPBOND,GL_OP,N_A,S191,2019-Q2
N_A,INR,TOTAL,OTHDEBT_OTHCORPBOND,GL_OP,N_A,S192,2019-Q2
N_A,INR,TOWHF,OTHDEBT_OTHCORPBOND,GL_OP,N_A,S193,2019-Q2
N_A,INR,TOTAL,OTHDEBT_CD,GL_OP,N_A,S194,2019-Q2
N_A,INR,TOWHF,OTHDEBT_CD,GL_OP,N_A,S195,2019-Q2
N_A,INR,TOTAL,OTHDEBT_CD,GL_OP,N_A,S196,2019-Q2
N_A,INR,TOWHF,OTHDEBT_CD,GL_OP,N_A,S197,2019-Q2
N_A,INR,TOTAL,OTHDEBT_CD,GL_OP,N_A,S198,2019-Q2
N_A,INR,TOWHF,OTHDEBT_CD,GL_OP,N_A,S199,2019-Q2
N_A,INR,TOTAL,OTHDEBT_CP,GL_OP,N_A,S200,2019-Q2
N_A,INR,TOWHF,OTHDEBT_CP,GL_OP,N_A,S201,2019-Q2
N_A,INR,TOTAL,OTHDEBT_CP,GL_OP,N_A,S202,2019-Q2
N_A,INR,TOWHF,OTHDEBT_CP,GL_OP,N_A,S203,2019-Q2
N_A,INR,TOTAL,OTHDEBT_CP,GL_OP,N_A,S204,2019-Q2
N_A,INR,TOWHF,OTHDEBT_CP,GL_OP,N_A,S205,2019-Q2
N_A,INR,TOTAL,OTHDEBT_MF,GL_OP,N_A,S206,2019-Q2
N_A,INR,TOWHF,OTHDEBT_MF,GL_OP,N_A,S207,2019-Q2
N_A,INR,TOTAL,OTHDEBT_MF,GL_OP,N_A,S208,2019-Q2
N_A,INR,TOWHF,OTHDEBT_MF,GL_OP,N_A,S209,2019-Q2
N_A,INR,TOTAL,OTHDEBT_MF,GL_OP,N_A,S210,2019-Q2
N_A,INR,TOWHF,OTHDEBT_MF,GL_OP,N_A,S211,2019-Q2
N_A,INR,TOTAL,OTHDEBT_OTHDOM,GL_OP,N_A,S212,2019-Q2
N_A,INR,TOWHF,OTHDEBT_OTHDOM,GL_OP,N_A,S213,2019-Q2
N_A,INR,TOTAL,OTHDEBT_OTHDOM,GL_OP,N_A,S214,2019-Q2
N_A,INR,TOWHF,OTHDEBT_OTHDOM,GL_OP,N_A,S215,2019-Q2
N_A,INR,TOTAL,OTHDEBT_OTHDOM,GL_OP,N_A,S216,2019-Q2
N_A,INR,TOWHF,OTHDEBT_OTHDOM,GL_OP,N_A,S217,2019-Q2
N_A,INR,TOTAL,OTHDEBT_FOREIGNBOND,GL_OP,N_A,S218,2019-Q2
N_A,INR,TOWHF,OTHDEBT_FOREIGNBOND,GL_OP,N_A,S219,2019-Q2
N_A,INR,TOTAL,OTHDEBT_FOREIGNBOND,GL_OP,N_A,S220,2019-Q2
N_A,INR,TOWHF,OTHDEBT_FOREIGNBOND,GL_OP,N_A,S221,2019-Q2
N_A,INR,TOTAL,OTHDEBT_FOREIGNBOND,GL_OP,N_A,S222,2019-Q2
N_A,INR,TOWHF,OTHDEBT_FOREIGNBOND,GL_OP,N_A,S223,2019-Q2
N_A,INR,TOTAL,EQU_SHARE_PSU,GL_OP,N_A,S230,2019-Q2
N_A,INR,TOWHF,EQU_SHARE_PSU,GL_OP,N_A,S231,2019-Q2
N_A,INR,TOTAL,EQU_SHARE_PSU,GL_OP,N_A,S232,2019-Q2
N_A,INR,TOWHF,EQU_SHARE_PSU,GL_OP,N_A,S233,2019-Q2
N_A,INR,TOTAL,EQU_SHARE_PSU,GL_OP,N_A,S234,2019-Q2
N_A,INR,TOWHF,EQU_SHARE_PSU,GL_OP,N_A,S235,2019-Q2
N_A,INR,TOTAL,EQU_SHARE_OTHCORP,GL_OP,N_A,S236,2019-Q2
N_A,INR,TOWHF,EQU_SHARE_OTHCORP,GL_OP,N_A,S237,2019-Q2
N_A,INR,TOTAL,EQU_SHARE_OTHCORP,GL_OP,N_A,S238,2019-Q2
N_A,INR,TOWHF,EQU_SHARE_OTHCORP,GL_OP,N_A,S239,2019-Q2
N_A,INR,TOTAL,EQU_SHARE_OTHCORP,GL_OP,N_A,S240,2019-Q2
N_A,INR,TOWHF,EQU_SHARE_OTHCORP,GL_OP,N_A,S241,2019-Q2
N_A,INR,TOTAL,EQU_MF,GL_OP,N_A,S242,2019-Q2
N_A,INR,TOWHF,EQU_MF,GL_OP,N_A,S243,2019-Q2
N_A,INR,TOTAL,EQU_MF,GL_OP,N_A,S244,2019-Q2
N_A,INR,TOWHF,EQU_MF,GL_OP,N_A,S245,2019-Q2
N_A,INR,TOTAL,EQU_MF,GL_OP,N_A,S246,2019-Q2
N_A,INR,TOWHF,EQU_MF,GL_OP,N_A,S247,2019-Q2
N_A,INR,TOTAL,EQU_VCF,GL_OP,N_A,S248,2019-Q2
N_A,INR,TOWHF,EQU_VCF,GL_OP,N_A,S249,2019-Q2
N_A,INR,TOTAL,EQU_VCF,GL_OP,N_A,S250,2019-Q2
N_A,INR,TOWHF,EQU_VCF,GL_OP,N_A,S251,2019-Q2
N_A,INR,TOTAL,EQU_VCF,GL_OP,N_A,S252,2019-Q2
N_A,INR,TOWHF,EQU_VCF,GL_OP,N_A,S253,2019-Q2
N_A,INR,TOTAL,EQU_SHARE_NBFC,GL_OP,N_A,S254,2019-Q2
N_A,INR,TOWHF,EQU_SHARE_NBFC,GL_OP,N_A,S255,2019-Q2
N_A,INR,TOTAL,EQU_SHARE_NBFC,GL_OP,N_A,S256,2019-Q2
N_A,INR,TOWHF,EQU_SHARE_NBFC,GL_OP,N_A,S257,2019-Q2
N_A,INR,TOTAL,EQU_SHARE_NBFC,GL_OP,N_A,S258,2019-Q2
N_A,INR,TOWHF,EQU_SHARE_NBFC,GL_OP,N_A,S259,2019-Q2
N_A,INR,TOTAL,EQU_OTH,GL_OP,N_A,S260,2019-Q2
N_A,INR,TOWHF,EQU_OTH,GL_OP,N_A,S261,2019-Q2
N_A,INR,TOTAL,EQU_OTH,GL_OP,N_A,S262,2019-Q2
N_A,INR,TOWHF,EQU_OTH,GL_OP,N_A,S263,2019-Q2
N_A,INR,TOTAL,EQU_OTH,GL_OP,N_A,S264,2019-Q2
N_A,INR,TOWHF,EQU_OTH,GL_OP,N_A,S265,2019-Q2
N_A,INR,TOTAL,EQU_PREF,GL_OP,N_A,S266,2019-Q2
N_A,INR,TOWHF,EQU_PREF,GL_OP,N_A,S267,2019-Q2
N_A,INR,TOTAL,EQU_PREF,GL_OP,N_A,S268,2019-Q2
N_A,INR,TOWHF,EQU_PREF,GL_OP,N_A,S269,2019-Q2
N_A,INR,TOTAL,EQU_PREF,GL_OP,N_A,S270,2019-Q2
N_A,INR,TOWHF,EQU_PREF,GL_OP,N_A,S271,2019-Q2
N_A,INR,TOTAL,FPIDEBT,GL_OP,N_A,S278,2019-Q2
N_A,INR,TOWHF,FPIDEBT,GL_OP,N_A,S279,2019-Q2
N_A,INR,TOTAL,FPIDEBT,GL_OP,N_A,S280,2019-Q2
N_A,INR,TOWHF,FPIDEBT,GL_OP,N_A,S281,2019-Q2
N_A,INR,TOTAL,FPIDEBT,GL_OP,N_A,S282,2019-Q2
N_A,INR,TOWHF,FPIDEBT,GL_OP,N_A,S283,2019-Q2
N_A,INR,TOTAL,FPIOTH,GL_OP,N_A,S284,2019-Q2
N_A,INR,TOWHF,FPIOTH,GL_OP,N_A,S285,2019-Q2
N_A,INR,TOTAL,FPIOTH,GL_OP,N_A,S286,2019-Q2
N_A,INR,TOWHF,FPIOTH,GL_OP,N_A,S287,2019-Q2
N_A,INR,TOTAL,FPIOTH,GL_OP,N_A,S288,2019-Q2
N_A,INR,TOWHF,FPIOTH,GL_OP,N_A,S289,2019-Q2
N_A,INR,TOTAL,EQU_PART_FIN,GL_OP,N_A,S296,2019-Q2
N_A,INR,TOWHF,EQU_PART_FIN,GL_OP,N_A,S297,2019-Q2
N_A,INR,TOTAL,EQU_PART_FIN,GL_OP,N_A,S298,2019-Q2
N_A,INR,TOWHF,EQU_PART_FIN,GL_OP,N_A,S299,2019-Q2
N_A,INR,TOTAL,EQU_PART_FIN,GL_OP,N_A,S300,2019-Q2
N_A,INR,TOWHF,EQU_PART_FIN,GL_OP,N_A,S301,2019-Q2
N_A,INR,TOTAL,EQU_PART_NONFIN,GL_OP,N_A,S302,2019-Q2
N_A,INR,TOWHF,EQU_PART_NONFIN,GL_OP,N_A,S303,2019-Q2
N_A,INR,TOTAL,EQU_PART_NONFIN,GL_OP,N_A,S304,2019-Q2
N_A,INR,TOWHF,EQU_PART_NONFIN,GL_OP,N_A,S305,2019-Q2
N_A,INR,TOTAL,EQU_PART_NONFIN,GL_OP,N_A,S306,2019-Q2
N_A,INR,TOWHF,EQU_PART_NONFIN,GL_OP,N_A,S307,2019-Q2
N_A,INR,TOTAL,EQU_PART_JVIND,GL_OP,N_A,S308,2019-Q2
N_A,INR,TOWHF,EQU_PART_JVIND,GL_OP,N_A,S309,2019-Q2
N_A,INR,TOTAL,EQU_PART_JVIND,GL_OP,N_A,S310,2019-Q2
N_A,INR,TOWHF,EQU_PART_JVIND,GL_OP,N_A,S311,2019-Q2
N_A,INR,TOTAL,EQU_PART_JVIND,GL_OP,N_A,S312,2019-Q2
N_A,INR,TOWHF,EQU_PART_JVIND,GL_OP,N_A,S313,2019-Q2
N_A,INR,TOTAL,EQU_PART_JVOVER,GL_OP,N_A,S314,2019-Q2
N_A,INR,TOWHF,EQU_PART_JVOVER,GL_OP,N_A,S315,2019-Q2
N_A,INR,TOTAL,EQU_PART_JVOVER,GL_OP,N_A,S316,2019-Q2
N_A,INR,TOWHF,EQU_PART_JVOVER,GL_OP,N_A,S317,2019-Q2
N_A,INR,TOTAL,EQU_PART_JVOVER,GL_OP,N_A,S318,2019-Q2
N_A,INR,TOWHF,EQU_PART_JVOVER,GL_OP,N_A,S319,2019-Q2
N_A,INR,TOTAL,EQU_PART_OTH,GL_OP,N_A,S320,2019-Q2
N_A,INR,TOWHF,EQU_PART_OTH,GL_OP,N_A,S321,2019-Q2
N_A,INR,TOTAL,EQU_PART_OTH,GL_OP,N_A,S322,2019-Q2
N_A,INR,TOWHF,EQU_PART_OTH,GL_OP,N_A,S323,2019-Q2
N_A,INR,TOTAL,EQU_PART_OTH,GL_OP,N_A,S324,2019-Q2
N_A,INR,TOWHF,EQU_PART_OTH,GL_OP,N_A,S325,2019-Q2
N_A,INR,TOTAL,NETTING_PROVCRTLOSS,GL_OP,N_A,S380,2019-Q2
N_A,INR,TOWHF,NETTING_PROVCRTLOSS,GL_OP,N_A,S381,2019-Q2
N_A,INR,TOTAL,NETTING_PROVCRTLOSS,GL_OP,N_A,S382,2019-Q2
N_A,INR,TOWHF,NETTING_PROVCRTLOSS,GL_OP,N_A,S383,2019-Q2
N_A,INR,TOTAL,NETTING_PROVCRTLOSS,GL_OP,N_A,S384,2019-Q2
N_A,INR,TOWHF,NETTING_PROVCRTLOSS,GL_OP,N_A,S385,2019-Q2
N_A,INR,TOTAL,NETTING_DICGCECGC,GL_OP,N_A,S386,2019-Q2
N_A,INR,TOWHF,NETTING_DICGCECGC,GL_OP,N_A,S387,2019-Q2
N_A,INR,TOTAL,NETTING_DICGCECGC,GL_OP,N_A,S388,2019-Q2
N_A,INR,TOWHF,NETTING_DICGCECGC,GL_OP,N_A,S389,2019-Q2
N_A,INR,TOTAL,NETTING_DICGCECGC,GL_OP,N_A,S390,2019-Q2
N_A,INR,TOWHF,NETTING_DICGCECGC,GL_OP,N_A,S391,2019-Q2
N_A,INR,TOTAL,NETTING_PRTPYSUS,GL_OP,N_A,S392,2019-Q2
N_A,INR,TOWHF,NETTING_PRTPYSUS,GL_OP,N_A,S393,2019-Q2
N_A,INR,TOTAL,NETTING_PRTPYSUS,GL_OP,N_A,S394,2019-Q2
N_A,INR,TOWHF,NETTING_PRTPYSUS,GL_OP,N_A,S395,2019-Q2
N_A,INR,TOTAL,NETTING_PRTPYSUS,GL_OP,N_A,S396,2019-Q2
N_A,INR,TOWHF,NETTING_PRTPYSUS,GL_OP,N_A,S397,2019-Q2
N_A,INR,TOTAL,NETTING_SUNDRY,GL_OP,N_A,S398,2019-Q2
N_A,INR,TOWHF,NETTING_SUNDRY,GL_OP,N_A,S399,2019-Q2
N_A,INR,TOTAL,NETTING_SUNDRY,GL_OP,N_A,S400,2019-Q2
N_A,INR,TOWHF,NETTING_SUNDRY,GL_OP,N_A,S401,2019-Q2
N_A,INR,TOTAL,NETTING_SUNDRY,GL_OP,N_A,S402,2019-Q2
N_A,INR,TOWHF,NETTING_SUNDRY,GL_OP,N_A,S403,2019-Q2
N_A,INR,TOTAL,NETTING_FLOATPROV,GL_OP,N_A,S404,2019-Q2
N_A,INR,TOWHF,NETTING_FLOATPROV,GL_OP,N_A,S405,2019-Q2
N_A,INR,TOTAL,NETTING_FLOATPROV,GL_OP,N_A,S406,2019-Q2
N_A,INR,TOWHF,NETTING_FLOATPROV,GL_OP,N_A,S407,2019-Q2
N_A,INR,TOTAL,NETTING_FLOATPROV,GL_OP,N_A,S408,2019-Q2
N_A,INR,TOWHF,NETTING_FLOATPROV,GL_OP,N_A,S409,2019-Q2
N_A,INR,TOTAL,NETTING_PROVRESTRUCNPA,GL_OP,N_A,S410,2019-Q2
N_A,INR,TOWHF,NETTING_PROVRESTRUCNPA,GL_OP,N_A,S411,2019-Q2
N_A,INR,TOTAL,NETTING_PROVRESTRUCNPA,GL_OP,N_A,S412,2019-Q2
N_A,INR,TOWHF,NETTING_PROVRESTRUCNPA,GL_OP,N_A,S413,2019-Q2
N_A,INR,TOTAL,NETTING_PROVRESTRUCNPA,GL_OP,N_A,S414,2019-Q2
N_A,INR,TOWHF,NETTING_PROVRESTRUCNPA,GL_OP,N_A,S415,2019-Q2
N_A,INR,TOTAL,NETTING_OTHNETTINGNPA,GL_OP,gdfg,S422,2019-Q2
N_A,INR,TOWHF,NETTING_OTHNETTINGNPA,GL_OP,gdfg,S423,2019-Q2
N_A,INR,TOTAL,NETTING_OTHNETTINGNPA,GL_OP,gdfg,S424,2019-Q2
N_A,INR,TOWHF,NETTING_OTHNETTINGNPA,GL_OP,gdfg,S425,2019-Q2
N_A,INR,TOTAL,NETTING_OTHNETTINGNPA,GL_OP,gdfg,S426,2019-Q2
N_A,INR,TOWHF,NETTING_OTHNETTINGNPA,GL_OP,gdfg,S427,2019-Q2
N_A,INR,TOTAL,NETTING_OTHNETTINGNPA,GL_OP,yuy,S422,2019-Q2
N_A,INR,TOWHF,NETTING_OTHNETTINGNPA,GL_OP,yuy,S423,2019-Q2
N_A,INR,TOTAL,NETTING_OTHNETTINGNPA,GL_OP,yuy,S424,2019-Q2
N_A,INR,TOWHF,NETTING_OTHNETTINGNPA,GL_OP,yuy,S425,2019-Q2
N_A,INR,TOTAL,NETTING_OTHNETTINGNPA,GL_OP,yuy,S426,2019-Q2
N_A,INR,TOWHF,NETTING_OTHNETTINGNPA,GL_OP,yuy,S427,2019-Q2
N_A,INR,TOTAL,NETTING_PROVRESTRUCSTD,GL_OP,N_A,S428,2019-Q2
N_A,INR,TOWHF,NETTING_PROVRESTRUCSTD,GL_OP,N_A,S429,2019-Q2
N_A,INR,TOTAL,NETTING_PROVRESTRUCSTD,GL_OP,N_A,S430,2019-Q2
N_A,INR,TOWHF,NETTING_PROVRESTRUCSTD,GL_OP,N_A,S431,2019-Q2
N_A,INR,TOTAL,NETTING_PROVRESTRUCSTD,GL_OP,N_A,S432,2019-Q2
N_A,INR,TOWHF,NETTING_PROVRESTRUCSTD,GL_OP,N_A,S433,2019-Q2
N_A,INR,TOTAL,NETTING_OTH,GL_OP,hjghjhgj,S440,2019-Q2
N_A,INR,TOWHF,NETTING_OTH,GL_OP,hjghjhgj,S441,2019-Q2
N_A,INR,TOTAL,NETTING_OTH,GL_OP,hjghjhgj,S442,2019-Q2
N_A,INR,TOWHF,NETTING_OTH,GL_OP,hjghjhgj,S443,2019-Q2
N_A,INR,TOTAL,NETTING_OTH,GL_OP,hjghjhgj,S444,2019-Q2
N_A,INR,TOWHF,NETTING_OTH,GL_OP,hjghjhgj,S445,2019-Q2
N_A,INR,TOTAL,NETTING_OTH,GL_OP,mjmj,S440,2019-Q2
N_A,INR,TOWHF,NETTING_OTH,GL_OP,mjmj,S441,2019-Q2
N_A,INR,TOTAL,NETTING_OTH,GL_OP,mjmj,S442,2019-Q2
N_A,INR,TOWHF,NETTING_OTH,GL_OP,mjmj,S443,2019-Q2
N_A,INR,TOTAL,NETTING_OTH,GL_OP,mjmj,S444,2019-Q2
N_A,INR,TOWHF,NETTING_OTH,GL_OP,mjmj,S445,2019-Q2
N_A,INR,TOTAL,OTH_INT,GL_OP,N_A,S458,2019-Q2
N_A,INR,TOWHF,OTH_INT,GL_OP,N_A,S459,2019-Q2
N_A,INR,TOTAL,OTH_INT,GL_OP,N_A,S460,2019-Q2
N_A,INR,TOWHF,OTH_INT,GL_OP,N_A,S461,2019-Q2
N_A,INR,TOTAL,OTH_INT,GL_OP,N_A,S462,2019-Q2
N_A,INR,TOWHF,OTH_INT,GL_OP,N_A,S463,2019-Q2
N_A,INR,TOTAL,OTH_ADVTAX,GL_OP,N_A,S464,2019-Q2
N_A,INR,TOWHF,OTH_ADVTAX,GL_OP,N_A,S465,2019-Q2
N_A,INR,TOTAL,OTH_ADVTAX,GL_OP,N_A,S466,2019-Q2
N_A,INR,TOWHF,OTH_ADVTAX,GL_OP,N_A,S467,2019-Q2
N_A,INR,TOTAL,OTH_ADVTAX,GL_OP,N_A,S468,2019-Q2
N_A,INR,TOWHF,OTH_ADVTAX,GL_OP,N_A,S469,2019-Q2
N_A,INR,TOTAL,OTH_DUEFROMRBI,GL_OP,N_A,S470,2019-Q2
N_A,INR,TOWHF,OTH_DUEFROMRBI,GL_OP,N_A,S471,2019-Q2
N_A,INR,TOTAL,OTH_DUEFROMRBI,GL_OP,N_A,S472,2019-Q2
N_A,INR,TOWHF,OTH_DUEFROMRBI,GL_OP,N_A,S473,2019-Q2
N_A,INR,TOTAL,OTH_DUEFROMRBI,GL_OP,N_A,S474,2019-Q2
N_A,INR,TOWHF,OTH_DUEFROMRBI,GL_OP,N_A,S475,2019-Q2
N_A,INR,TOTAL,OTH_IBA,GL_OP,N_A,S476,2019-Q2
N_A,INR,TOWHF,OTH_IBA,GL_OP,N_A,S477,2019-Q2
N_A,INR,TOTAL,OTH_IBA,GL_OP,N_A,S478,2019-Q2
N_A,INR,TOWHF,OTH_IBA,GL_OP,N_A,S479,2019-Q2
N_A,INR,TOTAL,OTH_IBA,GL_OP,N_A,S480,2019-Q2
N_A,INR,TOWHF,OTH_IBA,GL_OP,N_A,S481,2019-Q2
N_A,INR,TOTAL,OTH_DUEFROMOVERPARENT,GL_OP,N_A,S482,2019-Q2
N_A,INR,TOWHF,OTH_DUEFROMOVERPARENT,GL_OP,N_A,S483,2019-Q2
N_A,INR,TOTAL,OTH_DUEFROMOVERPARENT,GL_OP,N_A,S484,2019-Q2
N_A,INR,TOWHF,OTH_DUEFROMOVERPARENT,GL_OP,N_A,S485,2019-Q2
N_A,INR,TOTAL,OTH_DUEFROMOVERPARENT,GL_OP,N_A,S486,2019-Q2
N_A,INR,TOWHF,OTH_DUEFROMOVERPARENT,GL_OP,N_A,S487,2019-Q2
N_A,INR,TOTAL,OTHSD,GL_OP,N_A,S488,2019-Q2
N_A,INR,TOWHF,OTHSD,GL_OP,N_A,S489,2019-Q2
N_A,INR,TOTAL,OTHSD,GL_OP,N_A,S490,2019-Q2
N_A,INR,TOWHF,OTHSD,GL_OP,N_A,S491,2019-Q2
N_A,INR,TOTAL,OTHSD,GL_OP,N_A,S492,2019-Q2
N_A,INR,TOWHF,OTHSD,GL_OP,N_A,S493,2019-Q2
N_A,INR,TOTAL,OTH_OTH_LOSS,GL_OP,N_A,S500,2019-Q2
N_A,INR,TOWHF,OTH_OTH_LOSS,GL_OP,N_A,S501,2019-Q2
N_A,INR,TOTAL,OTH_OTH_LOSS,GL_OP,N_A,S502,2019-Q2
N_A,INR,TOWHF,OTH_OTH_LOSS,GL_OP,N_A,S503,2019-Q2
N_A,INR,TOTAL,OTH_OTH_LOSS,GL_OP,N_A,S504,2019-Q2
N_A,INR,TOWHF,OTH_OTH_LOSS,GL_OP,N_A,S505,2019-Q2
N_A,INR,TOTAL,OTH_OTH_DEFTAX,GL_OP,N_A,S506,2019-Q2
N_A,INR,TOWHF,OTH_OTH_DEFTAX,GL_OP,N_A,S507,2019-Q2
N_A,INR,TOTAL,OTH_OTH_DEFTAX,GL_OP,N_A,S508,2019-Q2
N_A,INR,TOWHF,OTH_OTH_DEFTAX,GL_OP,N_A,S509,2019-Q2
N_A,INR,TOTAL,OTH_OTH_DEFTAX,GL_OP,N_A,S510,2019-Q2
N_A,INR,TOWHF,OTH_OTH_DEFTAX,GL_OP,N_A,S511,2019-Q2
N_A,INR,TOTAL,OTH_OTH_NBA,GL_OP,N_A,S512,2019-Q2
N_A,INR,TOWHF,OTH_OTH_NBA,GL_OP,N_A,S513,2019-Q2
N_A,INR,TOTAL,OTH_OTH_NBA,GL_OP,N_A,S514,2019-Q2
N_A,INR,TOWHF,OTH_OTH_NBA,GL_OP,N_A,S515,2019-Q2
N_A,INR,TOTAL,OTH_OTH_NBA,GL_OP,N_A,S516,2019-Q2
N_A,INR,TOWHF,OTH_OTH_NBA,GL_OP,N_A,S517,2019-Q2
N_A,INR,TOTAL,OTH_OTH_MTM,GL_OP,N_A,S518,2019-Q2
N_A,INR,TOWHF,OTH_OTH_MTM,GL_OP,N_A,S519,2019-Q2
N_A,INR,TOTAL,OTH_OTH_MTM,GL_OP,N_A,S520,2019-Q2
N_A,INR,TOWHF,OTH_OTH_MTM,GL_OP,N_A,S521,2019-Q2
N_A,INR,TOTAL,OTH_OTH_MTM,GL_OP,N_A,S522,2019-Q2
N_A,INR,TOWHF,OTH_OTH_MTM,GL_OP,N_A,S523,2019-Q2
N_A,INR,TOTAL,OTH_OTH_DEP_PSL,GL_OP,N_A,S524,2019-Q2
N_A,INR,TOWHF,OTH_OTH_DEP_PSL,GL_OP,N_A,S525,2019-Q2
N_A,INR,TOTAL,OTH_OTH_DEP_PSL,GL_OP,N_A,S526,2019-Q2
N_A,INR,TOWHF,OTH_OTH_DEP_PSL,GL_OP,N_A,S527,2019-Q2
N_A,INR,TOTAL,OTH_OTH_DEP_PSL,GL_OP,N_A,S528,2019-Q2
N_A,INR,TOWHF,OTH_OTH_DEP_PSL,GL_OP,N_A,S529,2019-Q2
N_A,INR,TOTAL,OTH_ANY,GL_OP,rtygh,S536,2019-Q2
N_A,INR,TOWHF,OTH_ANY,GL_OP,rtygh,S537,2019-Q2
N_A,INR,TOTAL,OTH_ANY,GL_OP,rtygh,S538,2019-Q2
N_A,INR,TOWHF,OTH_ANY,GL_OP,rtygh,S539,2019-Q2
N_A,INR,TOTAL,OTH_ANY,GL_OP,rtygh,S540,2019-Q2
N_A,INR,TOWHF,OTH_ANY,GL_OP,rtygh,S541,2019-Q2
N_A,INR,TOTAL,OTH_ANY,GL_OP,uyretete,S536,2019-Q2
N_A,INR,TOWHF,OTH_ANY,GL_OP,uyretete,S537,2019-Q2
N_A,INR,TOTAL,OTH_ANY,GL_OP,uyretete,S538,2019-Q2
N_A,INR,TOWHF,OTH_ANY,GL_OP,uyretete,S539,2019-Q2
N_A,INR,TOTAL,OTH_ANY,GL_OP,uyretete,S540,2019-Q2
N_A,INR,TOWHF,OTH_ANY,GL_OP,uyretete,S541,2019-Q2
N_A,INR,TOTAL,FUND_OVER_CAP,GL_OP,N_A,S548,2019-Q2
N_A,INR,TOWHF,FUND_OVER_CAP,GL_OP,N_A,S549,2019-Q2
N_A,INR,TOTAL,FUND_OVER_CAP,GL_OP,N_A,S550,2019-Q2
N_A,INR,TOWHF,FUND_OVER_CAP,GL_OP,N_A,S551,2019-Q2
N_A,INR,TOTAL,FUND_OVER_CAP,GL_OP,N_A,S552,2019-Q2
N_A,INR,TOWHF,FUND_OVER_CAP,GL_OP,N_A,S553,2019-Q2
N_A,INR,TOTAL,FUND_OVER_DEP,GL_OP,N_A,S554,2019-Q2
N_A,INR,TOWHF,FUND_OVER_DEP,GL_OP,N_A,S555,2019-Q2
N_A,INR,TOTAL,FUND_OVER_DEP,GL_OP,N_A,S556,2019-Q2
N_A,INR,TOWHF,FUND_OVER_DEP,GL_OP,N_A,S557,2019-Q2
N_A,INR,TOTAL,FUND_OVER_DEP,GL_OP,N_A,S558,2019-Q2
N_A,INR,TOWHF,FUND_OVER_DEP,GL_OP,N_A,S559,2019-Q2
N_A,INR,TOTAL,FIXED_PREMISE,GL_OP,N_A,S566,2019-Q2
N_A,INR,TOWHF,FIXED_PREMISE,GL_OP,N_A,S567,2019-Q2
N_A,INR,TOTAL,FIXED_PREMISE,GL_OP,N_A,S568,2019-Q2
N_A,INR,TOWHF,FIXED_PREMISE,GL_OP,N_A,S569,2019-Q2
N_A,INR,TOTAL,FIXED_PREMISE,GL_OP,N_A,S570,2019-Q2
N_A,INR,TOWHF,FIXED_PREMISE,GL_OP,N_A,S571,2019-Q2
N_A,INR,TOTAL,FIXED_OTH,GL_OP,N_A,S572,2019-Q2
N_A,INR,TOWHF,FIXED_OTH,GL_OP,N_A,S573,2019-Q2
N_A,INR,TOTAL,FIXED_OTH,GL_OP,N_A,S574,2019-Q2
N_A,INR,TOWHF,FIXED_OTH,GL_OP,N_A,S575,2019-Q2
N_A,INR,TOTAL,FIXED_OTH,GL_OP,N_A,S576,2019-Q2
N_A,INR,TOWHF,FIXED_OTH,GL_OP,N_A,S577,2019-Q2
N_A,INR,TOTAL,INTGA,GL_OP,N_A,S578,2019-Q2
N_A,INR,TOWHF,INTGA,GL_OP,N_A,S579,2019-Q2
N_A,INR,TOTAL,INTGA,GL_OP,N_A,S580,2019-Q2
N_A,INR,TOWHF,INTGA,GL_OP,N_A,S581,2019-Q2
N_A,INR,TOTAL,INTGA,GL_OP,N_A,S582,2019-Q2
N_A,INR,TOWHF,INTGA,GL_OP,N_A,S583,2019-Q2
N_A,INR,TOTAL,MEMO_INT_EARN,GL_OP,N_A,S590,2019-Q2
N_A,INR,TOWHF,MEMO_INT_EARN,GL_OP,N_A,S591,2019-Q2
N_A,INR,TOTAL,MEMO_INT_EARN,GL_OP,N_A,S592,2019-Q2
N_A,INR,TOWHF,MEMO_INT_EARN,GL_OP,N_A,S593,2019-Q2
N_A,INR,TOTAL,MEMO_INT_EARN,GL_OP,N_A,S594,2019-Q2
N_A,INR,TOWHF,MEMO_INT_EARN,GL_OP,N_A,S595,2019-Q2
N_A,INR,TOTAL,MEMO_OTH_EARN,GL_OP,N_A,S596,2019-Q2
N_A,INR,TOWHF,MEMO_OTH_EARN,GL_OP,N_A,S597,2019-Q2
N_A,INR,TOTAL,MEMO_OTH_EARN,GL_OP,N_A,S598,2019-Q2
N_A,INR,TOWHF,MEMO_OTH_EARN,GL_OP,N_A,S599,2019-Q2
N_A,INR,TOTAL,MEMO_OTH_EARN,GL_OP,N_A,S600,2019-Q2
N_A,INR,TOWHF,MEMO_OTH_EARN,GL_OP,N_A,S601,2019-Q2
